group,keyword,region,intent
сайт брони,сайт для брони кубинских отелей,Все регионы,mixed
сайт интернет,сайт для интернет магазина,Все регионы,mixed
сайт школы,сайт для школы,Все регионы,mixed
официальный сайт,официальный сайт интернет магазина для,Все регионы,mixed
сайт бизнеса,сайт для бизнеса,Все регионы,mixed
сайт компании,сайт для компании,Все регионы,mixed
сайт услуг,сайт для услуг,Все регионы,mixed
сайт врачей,сайт для врачей,Все регионы,mixed
сайты отелей,сайты для отелей,Все регионы,mixed
сайт детского,сайт для детского сада,Все регионы,mixed
сайты доставок,сайты для доставок,Все регионы,mixed
официальный сайт,официальный сайт для бизнеса,Все регионы,mixed
сайты бронирования,сайты для бронирования отелей,Все регионы,mixed
каталог товаров,каталог товаров для интернет магазина сайта,Все регионы,mixed
сайты производство,сайты для производство,Все регионы,mixed
валберис интернет,валберис интернет магазин официальный сайт для,Все регионы,mixed
сайты ресторанов,сайты для ресторанов,Все регионы,mixed
официальные сайты,официальные сайты для врачей,Все регионы,mixed
сайт интернет,сайт для интернет магазина цена,Все регионы,commercial
вайлдберриз интернет,вайлдберриз интернет магазин официальный сайт для,Все регионы,mixed
сайт записи,сайт для записи к врачу,Все регионы,mixed
сайт школы,сайт школы для детей,Все регионы,mixed
сайт воспитателей,сайт для воспитателей детских садов,Все регионы,mixed
сайт клиники,сайт для клиники,Все регионы,mixed
сайты юристов,сайты для юристов,Все регионы,mixed
официальный сайт,официальный сайт интернет магазин для женщин,Все регионы,mixed
сайт класса,сайт для класса школы,Все регионы,mixed
официальный сайт,официальный сайт для детского сада,Все регионы,mixed
сайт автосервиса,сайт для автосервиса,Все регионы,mixed
купить сайт,купить сайт для интернет магазина,Все регионы,commercial
бизнес сайты,бизнес сайты для малого бизнеса,Все регионы,mixed
сайт стоматологии,сайт для стоматологии,Все регионы,mixed
сайт онлайн,сайт для онлайн школы,Все регионы,mixed
информация сайта,информация для сайта школы,Все регионы,mixed
сайты одежды,сайты одежды для интернет магазина,Все регионы,mixed
сайт сбербанка,сайт сбербанка для бизнеса,Все регионы,mixed
оборудование автосервиса,оборудование для автосервиса сайт,Все регионы,mixed
оборудование автосервиса,оборудование для автосервиса официальный сайт,Все регионы,mixed
какой сайт,какой сайт для услуг,Все регионы,mixed
сбербанк бизнеса,сбербанк для бизнеса официальный сайт,Все регионы,mixed
сайт посуды,сайт посуды для ресторанов,Все регионы,mixed
сайты школы,сайты для школы дистанционно,Все регионы,mixed
сайт школы,сайт для школы интернат,Все регионы,mixed
сайты начальной,сайты для начальной школы,Все регионы,mixed
посуда ресторанов,посуда для ресторанов официальный сайт,Все регионы,mixed
сайтов кафе,для сайтов кафе,Все регионы,mixed
сайт школы,сайт школы для дистанционного обучения,Все регионы,mixed
сайты оплаты,сайты для оплаты услуг,Все регионы,mixed
сайт салона,сайт для салона красоты,Все регионы,mixed
создать сайт,создать сайт для бизнеса,Все регионы,mixed
сайт оказания,сайт для оказания услуг,Все регионы,mixed
сайт отелей,сайт для отелей россии,Все регионы,mixed
сайт интернет,сайт для интернет бизнеса,Все регионы,mixed
сайт страховой,сайт для страховой компании,Все регионы,mixed
лучшие сайты,лучшие сайты для отелей,Все регионы,mixed
компании создания,компании для создания сайтов,Все регионы,mixed
сайт доставки,сайт для доставки еды,Все регионы,mixed
официальный сайт,официальный сайт для записи к врачу,Все регионы,mixed
веб сайта,веб сайта для компании,Все регионы,mixed
сайты размещения,сайты для размещения услуг,Все регионы,mixed
сайт интернет,сайт интернет магазин одежды для женщин,Все регионы,mixed
конструктор сайтов,конструктор сайтов для интернет магазина,Все регионы,mixed
сайт услуг,сайт для услуг в интернете,Все регионы,mixed
купить сайт,купить сайт для бизнеса,Все регионы,commercial
официальный сайт,официальный сайт для малого бизнеса,Все регионы,mixed
сайт воспитатель,сайт воспитатель ру для воспитателей детского сада,Все регионы,mixed
официальные сайты,официальные сайты для юристов,Все регионы,mixed
сайта учителей,сайта для учителей школ,Все регионы,mixed
сайт начинающих,сайт для начинающих бизнес,Все регионы,mixed
сайт банка,сайт банка бизнес для бизнеса,Все регионы,mixed
сайт начала,сайт для начала бизнеса,Все регионы,mixed
сайт доставки,сайт для доставки заказов,Все регионы,mixed
сайты образования,сайты для образования в школе,Все регионы,mixed
сайт документы,сайт документы для школ,Все регионы,mixed
сайты бронирования,сайты для бронирования отелей в россии,Все регионы,mixed
сайт выпускников,сайт для выпускников школ,Все регионы,mixed
создание сайта,создание сайта для бизнеса,Все регионы,mixed
яндекс сайт,яндекс сайт для бизнеса,Все регионы,mixed
сайт юрист,сайт юрист для людей,Все регионы,mixed
сайт осужденных,сайт для осужденных интернет магазин,Все регионы,mixed
сайт сбербанка,сайт сбербанка для малого бизнеса,Все регионы,mixed
калужское интернет,калужское интернет магазин для осужденных официальный сайт,Все регионы,mixed
рестинтернейшен посуда,рестинтернейшен посуда для ресторана официальный сайт,Все регионы,mixed
сайт поиска,сайт для поиска отелей,Все регионы,mixed
сайт поступления,сайт для поступления в школу,Все регионы,mixed
сайт игрушки,сайт игрушки для детских садов,Все регионы,mixed
сайт интернете,сайт в интернете для компании,Все регионы,mixed
лучшие сайты,лучшие сайты для бронирования отелей,Все регионы,mixed
сайт мебель,сайт мебель для детских садов,Все регионы,mixed
игрушки детских,игрушки для детских садов официальный сайт,Все регионы,mixed
сайт стендов,сайт стендов для школы,Все регионы,mixed
продажа сайтов,продажа сайтов для интернет магазинов,Все регионы,mixed
официальный сайт,официальный сайт сбербанка для малого бизнеса,Все регионы,mixed
корпоративный сайт,корпоративный сайт для компании,Все регионы,mixed
рош сайт,ля рош сайт для врачей,Все регионы,mixed
школа родителей,школа для родителей сайт,Все регионы,mixed
заказ сайта,заказ сайта для интернет магазина,Все регионы,mixed
медицинский сайт,медицинский сайт для врачей,Все регионы,mixed
бесплатный интернет,бесплатный интернет магазин для сайта,Все регионы,mixed
открыт сайт,открыт сайт для бизнеса,Все регионы,mixed
создадим сайт,создадим сайт для компаний,Все регионы,mixed
юрист людей,юрист для людей официальный сайт,Все регионы,mixed
стенды школы,стенды для школы официальный сайт,Все регионы,mixed
интернет магазин,интернет магазин запчастей для сайта,Все регионы,mixed
новость сайта,новость для сайта детского сада,Все регионы,mixed
открыть сайт,открыть сайт для бизнеса,Все регионы,mixed
сайт детский,сайт детский сад для детей,Все регионы,mixed
мебель детского,мебель для детского сада официальный сайт,Все регионы,mixed
бесплатные сайты,бесплатные сайты для услуг,Все регионы,mixed
калипсо стенды,калипсо стенды для школы официальный сайт,Все регионы,mixed
сайт ростелеком,сайт ростелеком для бизнеса,Все регионы,mixed
сайты интернет,сайты интернет магазинов для дома,Все регионы,mixed
анализ сайтов,анализ сайтов для бизнеса,Все регионы,mixed
сайт управляющей,сайт для управляющей компании,Все регионы,mixed
веб сайты,веб сайты для бизнеса,Все регионы,mixed
сайт сотрудников,сайт для сотрудников компании,Все регионы,mixed
банк бизнес,банк бизнес для бизнеса официальный сайт,Все регионы,mixed
нордберг оборудование,нордберг оборудование для автосервиса официальный сайт,Все регионы,mixed
интернист сайт,интернист сайт для врачей,Все регионы,mixed
создать сайт,создать сайт для интернет магазина,Все регионы,mixed
интернет магазины,интернет магазины сайты для волос,Все регионы,mixed
сайт записи,сайт для записи на прием к врачу,Все регионы,mixed
разработка сайта,разработка сайта для компании,Все регионы,mixed
волос официальный,для волос официальный сайт интернет магазин,Все регионы,mixed
бесплатный сайт,бесплатный сайт для бизнеса,Все регионы,mixed
сайт оборудование,сайт оборудование для ресторана,Все регионы,mixed
сайты интернет,сайты интернет магазинов для животных,Все регионы,mixed
фото сайта,фото для сайта интернет магазина,Все регионы,mixed
мос услуги,мос ру услуги для граждан официальный сайт,Все регионы,commercial
сайт доставки,сайт для доставки цена,Все регионы,commercial
проект сайт,проект сайт для бизнеса,Все регионы,mixed
сайты поиска,сайты для поиска компаний,Все регионы,mixed
ростелеком официальный,ростелеком официальный сайт для бизнеса,Все регионы,mixed
сайты рекламы,сайты для рекламы услуг,Все регионы,mixed
сайты поиска,сайты для поиска услуг,Все регионы,mixed
образовательные сайты,образовательные сайты для школы,Все регионы,mixed
разработка сайтов,разработка сайтов для бизнеса,Все регионы,mixed
какой сайт,какой сайт для интернет магазина,Все регионы,mixed
сайты интернет,сайты интернет магазинов для иномарок,Все регионы,mixed
интернет магазин,интернет магазин для дома официальный сайт,Все регионы,mixed
нужен сайт,для нужен сайт школы,Все регионы,mixed
сайт интернет,сайт интернет магазин для мужчин,Все регионы,mixed
сайт юридических,сайт для юридических услуг,Все регионы,mixed
оборудование ресторанов,оборудование для ресторанов официальный сайт,Все регионы,mixed
сайт детского,сайт детского сада для родителей,Все регионы,mixed
информация компании,информация о компании для сайта,Все регионы,mixed
сайт группы,сайт для группы детского сада,Все регионы,mixed
новый сайт,новый сайт для бизнеса,Все регионы,mixed
сайт врачей,сайт для врачей москва,Все регионы,geo
сделать сайт,сделать сайт для бизнеса,Все регионы,mixed
интернет магазин,интернет магазин сайты для заказа товаров,Все регионы,mixed
сайт школы,сайт для школы россии,Все регионы,mixed
сайты продвижения,сайты для продвижения услуг,Все регионы,mixed
роше официальный,ля роше официальный сайт для врачей,Все регионы,mixed
сайты бизнеса,сайты для бизнеса онлайн,Все регионы,mixed
подготовка школы,подготовка для школы сайты,Все регионы,mixed
сайт строительных,сайт для строительных компаний,Все регионы,mixed
товары дома,товары для дома интернет магазины сайты,Все регионы,mixed
материалы сайта,материалы для сайта школы,Все регионы,mixed
сайты интернет,сайты для интернет магазина автозапчастей,Все регионы,mixed
сделать сайт,сделать сайт для компании,Все регионы,mixed
сайт детский,сайт детский сад для мамы,Все регионы,mixed
сайт положения,сайт положения для школы,Все регионы,mixed
мам сайт,мам ру сайт для воспитателей детских садов,Все регионы,mixed
мам сайт,мам сайт для воспитателей детских садов,Все регионы,mixed
сайты школы,сайты для школы список,Все регионы,mixed
спб сайт,спб сайт для интернет магазина,Все регионы,geo
статьи сайта,статьи для сайта детского сада,Все регионы,mixed
сайт компании,сайт для компании цена,Все регионы,commercial
сайты заказа,сайты для заказа услуг,Все регионы,mixed
бизнес сайты,бизнес сайты для предпринимателей,Все регионы,mixed
сайт интернет,сайт для интернет магазина с доставкой,Все регионы,mixed
one two,one two trip официальный сайт для бизнеса,Все регионы,mixed
сайт запчасти,сайт запчасти для иномарок интернет магазин,Все регионы,mixed
тексты сайта,тексты для сайта компании,Все регионы,mixed
сайт отелей,сайт для отелей за границей,Все регионы,mixed
маам сайт,маам сайт для воспитателей детских садов,Все регионы,mixed
сайты учащихся,сайты для учащихся школы,Все регионы,mixed
создание сайта,создание сайта для интернет магазина,Все регионы,mixed
сайт онлайн,сайт для онлайн услуги,Все регионы,commercial
сайты автозапчастей,сайты автозапчастей для иномарок интернет магазин,Все регионы,mixed
сайт коммунальных,сайт для коммунальных услуг,Все регионы,mixed
интернист сайт,интернист ру сайт для врачей,Все регионы,mixed
сайт бизнеса,сайт 1 для бизнеса,Все регионы,mixed
логотипы компаний,логотипы компаний для сайта,Все регионы,mixed
лучший сайт,лучший сайт для интернет магазина,Все регионы,mixed
рош позе,ля рош позе сайт для врачей,Все регионы,mixed
ооо бизнес,ооо бизнес для бизнеса сайт,Все регионы,mixed
сайт проверки,сайт для проверки компаний,Все регионы,mixed
маам сайт,маам ру сайт для воспитателей детских садов,Все регионы,mixed
сайт создания,сайт для создания услуг,Все регионы,mixed
лучшие сайты,лучшие сайты для услуг,Все регионы,mixed
сайт школы,сайт для школы охраны,Все регионы,mixed
использование сайтов,использование сайтов для компании,Все регионы,mixed
сайт врачей,сайт для врачей поликлиники,Все регионы,mixed
сайт интернет,сайт для интернет магазина в москве,Все регионы,mixed
темы сайта,темы для сайта детского сада,Все регионы,mixed
охрана труда,охрана труда для сайта школы,Все регионы,mixed
сайты россии,сайты россии для бизнеса,Все регионы,mixed
доставка еды,доставка еды для фуршетов официальный сайт,Все регионы,mixed
костис доставка,костис доставка еды для фуршетов официальный сайт,Все регионы,mixed
сайты товаров,сайты товаров для бизнеса,Все регионы,mixed
сайт школы,сайт школы для обучающихся с овз,Все регионы,mixed
клен оборудование,клен оборудование для ресторана сайт,Все регионы,mixed
сайт записи,сайт для записи к врачам москва,Все регионы,geo
клен оборудование,клен оборудование для ресторана официальный сайт,Все регионы,mixed
сайт врачей,сайт врачей для пациентов,Все регионы,mixed
интернет магазин,интернет магазин для садоводов официальный сайт,Все регионы,mixed
сайт сундучок,сайт сундучок для воспитателей детских садов,Все регионы,mixed
сайт услуги,сайт услуги для бизнеса,Все регионы,commercial
сайт охрана,сайт охрана труда положения для школы,Все регионы,mixed
сайт школы,сайт школы для одаренных детей,Все регионы,mixed
сайт интернет,сайт для интернет магазина летуаль,Все регионы,mixed
сайты брони,сайты для брони отелей,Все регионы,mixed
рош позе,ля рош позе сайт для врачей официальный,Все регионы,mixed
описание компании,описание компании для сайта,Все регионы,mixed
официальный сайт,официальный сайт согаз страховая компания для военнослужащих,Все регионы,mixed
сайты интернет,сайты интернет магазинов для собак,Все регионы,mixed
сайт предпринимателей,сайт для предпринимателей малого бизнеса,Все регионы,mixed
сайт школа,сайт школа для слабовидящих,Все регионы,mixed
сайты продажи,сайты для продажи бизнеса,Все регионы,mixed
сайты рекламы,сайты для рекламы бизнеса,Все регионы,mixed
создание сайта,создание сайта для малого бизнеса,Все регионы,mixed
сайт бизнеса,сайт для бизнеса в сфере,Все регионы,mixed
сайт бронирования,сайт для бронирования отелей за границей,Все регионы,mixed
сайт сферы,сайт для сферы услуг,Все регионы,mixed
сайт электронной,сайт для электронной школы,Все регионы,mixed
сайт школы,сайт школы для детей с овз,Все регионы,mixed
бесплатный сайт,бесплатный сайт для юриста,Все регионы,mixed
сайт финансовых,сайт для финансовых услуг,Все регионы,mixed
сайты маникюра,сайты для маникюра интернет магазин,Все регионы,mixed
интернет магазин,интернет магазин цветов для сайта,Все регионы,mixed
нужен сайт,нужен сайт для бизнеса,Все регионы,mixed
сайты бронирования,сайты для бронирования отелей в турции,Все регионы,mixed
сайты заказчиков,сайты для заказчиков услуг,Все регионы,mixed
сайт агентства,сайт для агентства недвижимости,Все регионы,mixed
сайты юридических,сайты для юридических компаний,Все регионы,mixed
беккер интернет,беккер интернет магазин для садоводов официальный сайт,Все регионы,mixed
личный кабинет,личный кабинет для сайта услуг,Все регионы,mixed
сайт беккер,сайт беккер интернет магазин для садоводов,Все регионы,mixed
сайт поликлиники,сайт поликлиники для записи к врачу,Все регионы,mixed
купить сайт,купить сайт для компании,Все регионы,commercial
оплата доставка,оплата и доставка для сайта,Все регионы,mixed
сайт вашего,сайт для вашего бизнеса,Все регионы,mixed
сайт размещения,сайт для размещения компании,Все регионы,mixed
школа одаренных,школа для одаренных детей официальный сайт,Все регионы,mixed
купить сайт,купить сайт для интернет магазина цена,Все регионы,commercial
создать сайт,создать сайт для школ,Все регионы,mixed
сайты исполнителей,сайты для исполнителей услуг,Все регионы,mixed
сайт бизнеса,сайт для бизнеса москва,Все регионы,geo
сайт транспортной,сайт для транспортной компании,Все регионы,mixed
сайт интернет,сайт интернет магазин для взрослых,Все регионы,mixed
сайт оборудования,сайт оборудования для производства,Все регионы,mixed
сайты объявлений,сайты для объявлений услуг,Все регионы,mixed
сайты учителей,сайты для учителей начальной школы,Все регионы,mixed
ученик сайт,ученик сайт для школы,Все регионы,mixed
сайт компании,сайт для компании примеры,Все регионы,informational
заказать сайт,заказать сайт для доставки,Все регионы,commercial
сайты владельцев,сайты для владельцев бизнеса,Все регионы,mixed
сайты рекламы,сайты для рекламы компании,Все регионы,mixed
статья сайта,статья для сайта школы,Все регионы,mixed
сайт приложение,сайт приложение для доставки,Все регионы,mixed
сайты бизнес,сайты для бизнес процессов,Все регионы,mixed
яндекс сайта,яндекс для сайта интернет магазин,Все регионы,mixed
сайты интернет,сайты интернет магазинов для дачи,Все регионы,mixed
собак интернет,для собак интернет магазин официальный сайт,Все регионы,mixed
сайт бизнеса,сайт для бизнеса цена,Все регионы,commercial
сайт компании,сайт для компании москва,Все регионы,geo
сайт мебели,сайт мебели для школ,Все регионы,mixed
яндекс доставка,яндекс доставка для сайта,Все регионы,mixed
купить сайт,купить сайт для услуг,Все регионы,commercial
сайты анализа,сайты для анализа компаний,Все регионы,mixed
кафе официальный,для кафе официальный сайт,Все регионы,mixed
написать сайт,написать сайт для компании,Все регионы,mixed
официальный медицинский,официальный медицинский сайт для врачей,Все регионы,mixed
юридические сайты,юридические сайты для юристов,Все регионы,mixed
решения бизнеса,решения для бизнеса сайты,Все регионы,mixed
сайт оплаты,сайт для оплаты коммунальных услуг,Все регионы,mixed
стоматология всех,стоматология для всех официальный сайт,Все регионы,mixed
конструктор сайтов,конструктор сайтов для бизнеса,Все регионы,mixed
сайт доставки,сайт для доставки онлайн,Все регионы,mixed
сайты школы,сайты для школы 9 класс,Все регионы,mixed
мобильный сайт,мобильный сайт для бизнеса,Все регионы,mixed
задания школы,задания для школы сайт школы,Все регионы,mixed
информация сайта,информация для сайта детского сада,Все регионы,mixed
сайты бронирования,сайты для бронирования отелей в россии лучшие,Все регионы,mixed
бизнес видео,бизнес видео для сайта,Все регионы,mixed
сайты регистрации,сайты для регистрации компании,Все регионы,mixed
авиасейлс официальный,авиасейлс официальный сайт для бизнеса,Все регионы,mixed
ван трип,ван ту трип для бизнеса официальный сайт,Все регионы,mixed
создать сайт,создать сайт для юристов,Все регионы,mixed
гленфилд официальный,гленфилд официальный сайт интернет магазин для женщин,Все регионы,mixed
дизайн сайта,дизайн сайта для компании,Все регионы,mixed
комплекс бар,комплекс бар посуда для ресторанов официальный сайт,Все регионы,mixed
вайлдберриз интернет,вайлдберриз интернет магазин сайт для телефона,Все регионы,mixed
лореаль сайт,лореаль сайт для врачей,Все регионы,mixed
разработка сайта,разработка сайта для услуг,Все регионы,mixed
официальный сайт,официальный сайт для салонов красоты,Все регионы,mixed
сайт втб,сайт втб для бизнеса,Все регионы,mixed
сайт групп,сайт для групп компаний,Все регионы,mixed
сайты педагогов,сайты для педагогов школ,Все регионы,mixed
название компании,название компании для сайта,Все регионы,mixed
сайт записи,сайт для записи на услуги,Все регионы,commercial
сайт продвижения,сайт для продвижения компании,Все регионы,mixed
создать сайт,создать сайт для юридических услуг,Все регионы,mixed
сбер бизнес,сбер бизнес сайт для бизнеса,Все регионы,mixed
петербург сайт,петербург сайт для интернет магазина,Все регионы,mixed
детский сад,детский сад описание для сайта,Все регионы,mixed
ванн интернет,для ванн интернет магазин сайт,Все регионы,mixed
школы сайт,для школы сайт ру,Все регионы,mixed
сайт студента,сайт для студента юриста,Все регионы,mixed
сайты руководителей,сайты для руководителей компаний,Все регионы,mixed
сайты программ,сайты программ для бизнеса,Все регионы,mixed
сайты юристов,сайты юристов для консультации,Все регионы,mixed
готовый сайт,готовый сайт для интернет магазина,Все регионы,mixed
сайт медицинской,сайт для медицинской клиники,Все регионы,mixed
сайты педагогов,сайты для педагогов детских садов,Все регионы,mixed
требования сайта,требования для сайта школы,Все регионы,mixed
сайт альфа,сайт для альфа бизнес,Все регионы,mixed
сайт юриста,сайт для юриста создать бесплатный,Все регионы,mixed
бизнес модель,бизнес модель для сайта,Все регионы,mixed
официальный сайт,официальный сайт для воспитателей детского сада,Все регионы,mixed
описание услуги,описание услуги для сайта,Все регионы,commercial
пост сайта,пост для сайта детского сада,Все регионы,mixed
сайт детской,сайт для детской школы,Все регионы,mixed
сайт ногтей,сайт для ногтей интернет магазин,Все регионы,mixed
интернет магазин,интернет магазин для ногтей официальный сайт,Все регионы,mixed
сайт дешевых,сайт для дешевых отелей,Все регионы,mixed
сайт компаний,сайт для ит компаний,Все регионы,mixed
сайт развития,сайт для развития бизнеса,Все регионы,mixed
фис фрдо,фис фрдо официальный сайт для школ,Все регионы,mixed
дерматолоджи официальный,дерматолоджи ру официальный сайт для врачей,Все регионы,mixed
сайт личного,сайт для личного бизнеса,Все регионы,mixed
закажите сайт,закажите сайт для интернет магазина,Все регионы,mixed
сайт аккредитации,сайт для аккредитации врачей,Все регионы,mixed
сайт компании,сайт для компании санкт петербург,Все регионы,mixed
создание сайта,создание сайта для школы,Все регионы,mixed
сайт бизнеса,сайт для бизнеса под ключ,Все регионы,commercial
нужен сайт,нужен сайт для интернет магазина,Все регионы,mixed
сайт система,сайт и система управления для управляющих компаний,Все регионы,mixed
сайт метро,сайт метро для бизнеса,Все регионы,mixed
сайт платья,сайт платья интернет магазин для женщин,Все регионы,mixed
математика школы,математика для школы сайт,Все регионы,mixed
официальный сайт,официальный сайт оборудования для салонов красоты,Все регионы,mixed
сайт оборудования,сайт оборудования для салонов красоты,Все регионы,mixed
сделать сайт,сделать сайт для интернет магазина,Все регионы,mixed
тип сайта,тип сайта для компании,Все регионы,mixed
карта доставки,карта доставки для сайта,Все регионы,mixed
разработка сайта,разработка сайта для малого бизнеса,Все регионы,mixed
сайт доставки,сайт для доставки москва,Все регионы,geo
сайт услуг,сайт для услуг ремонта,Все регионы,mixed
сайт школы,сайт для школы языка,Все регионы,mixed
кафе ресторана,кафе для ресторана сайт,Все регионы,mixed
рекламные компании,рекламные компании для сайта,Все регионы,mixed
сайт интернет,сайт интернет магазинов для рыбалки,Все регионы,mixed
врачи сайт,врачи рф сайт для врачей,Все регионы,mixed
озон доставка,озон доставка для сайта,Все регионы,mixed
сайт интернет,сайт для интернет магазина отзывы,Все регионы,mixed
альфа банк,альфа банк сайт для бизнеса,Все регионы,mixed
сайт регистрации,сайт для регистрации бизнеса,Все регионы,mixed
сайты пищевых,сайты для пищевых производств,Все регионы,mixed
интернет магазинов,для интернет магазинов оплаты сайты,Все регионы,mixed
лучшие конструкторы,лучшие конструкторы сайтов для интернет магазинов,Все регионы,mixed
сайт бизнеса,сайт rt ru для бизнеса,Все регионы,mixed
сайты оценки,сайты для оценки компании,Все регионы,mixed
солидарность жизни,солидарность для жизни страховая компания официальный сайт,Все регионы,mixed
солидарность жизни,солидарность для жизни страховая компания сайт,Все регионы,mixed
покупка сайта,покупка сайта для интернет магазина,Все регионы,mixed
проект сайт,проект сайт для школы,Все регионы,mixed
официальный сайт,rt ru официальный сайт для бизнеса,Все регионы,mixed
картинки сайта,картинки для сайта бизнеса,Все регионы,mixed
лучший сайт,лучший сайт для бизнеса,Все регионы,mixed
сайты консультации,сайты для консультации врачей,Все регионы,mixed
медицина сайты,медицина сайты для врачей,Все регионы,mixed
картинка сайта,картинка для сайта школы,Все регионы,mixed
сайт выполнения,сайт для выполнения услуг,Все регионы,mixed
сайт доставки,сайт для доставки телефонов,Все регионы,mixed
услуги хостинга,услуги хостинга для сайта,Все регионы,commercial
официальный сайт,rt ru официальный сайт ростелеком для бизнеса,Все регионы,mixed
готовый сайт,готовый сайт для компании,Все регионы,mixed
дополнительные услуги,дополнительные услуги для сайта,Все регионы,commercial
сайт услуг,сайт для услуг платформа,Все регионы,mixed
сайт школа,сайт школа интернат для слабовидящих,Все регионы,mixed
готовые сайты,готовые сайты для бизнеса,Все регионы,mixed
интернет магазин,интернет магазин сайт для бизнеса,Все регионы,mixed
лидер детского,лидер для детского сада официальный сайт,Все регионы,mixed
мебель детского,мебель для детского сада лидер официальный сайт,Все регионы,mixed
мэдисон оборудование,мэдисон оборудование для салонов красоты официальный сайт,Все регионы,mixed
сайт официальных,сайт 5 официальных для школы,Все регионы,mixed
сайт лидер,сайт лидер мебель для детского сада,Все регионы,mixed
сайты коррекционных,сайты для коррекционных школ,Все регионы,mixed
доктор работе,доктор на работе официальный сайт для врачей,Все регионы,mixed
доктор работе,доктор на работе сайт для врачей,Все регионы,mixed
информация родителей,информация для родителей сайт школы,Все регионы,mixed
сайт фитнес,сайт для фитнес клуба,Все регионы,mixed
сайты бизнес,сайты для бизнес плана,Все регионы,mixed
сайт приложение,сайт и приложение для бизнеса,Все регионы,mixed
сделать школу,сделать школу для сайта,Все регионы,mixed
функции сайта,функции сайта для компании,Все регионы,mixed
карта сайта,карта сайта для интернет магазина,Все регионы,mixed
сайты школы,сайты для школы 5 класс,Все регионы,mixed
лучший сайт,лучший сайт для доставки,Все регионы,mixed
новый сайт,новый сайт для школы,Все регионы,mixed
сайт директора,сайт для директора школы,Все регионы,mixed
сайт оказания,сайт для оказания медицинских услуг,Все регионы,mixed
создать сайт,как создать сайт для услуг,Все регионы,informational
сайт записи,сайт для записи к врачу московская,Все регионы,mixed
сайт школы,сайт школы интернат для слабовидящих детей,Все регионы,mixed
сайты продажи,сайты для продажи своих услуг,Все регионы,mixed
корпоративный сайт,корпоративный сайт для бизнеса,Все регионы,mixed
сайт радуга,сайт радуга мебель для детских садов,Все регионы,mixed
сайты бронирования,сайты бронирования отелей для россиян,Все регионы,mixed
темы сайта,темы для сайта школы,Все регионы,mixed
юрист народа,юрист для народа сайт,Все регионы,mixed
сайт заявок,сайт для заявок на услуги,Все регионы,commercial
создать сайт,создать сайт для бизнеса с нуля,Все регионы,mixed
тема сайта,тема для сайта бизнес,Все регионы,mixed
дизайн услуги,дизайн услуги для сайта,Все регионы,commercial
сайт вопросов,сайт для вопросов врачам,Все регионы,mixed
сайт зачисления,сайт для зачисления в школу,Все регионы,mixed
сайт поиска,сайт для поиска исполнителя услуг,Все регионы,mixed
сайт предложения,сайт для предложения своих услуг,Все регионы,mixed
сайт ростелеком,сайт ростелеком для оплаты услуг,Все регионы,mixed
сбербанк бизнеса,сбербанк для бизнеса официальный сайт вход,Все регионы,mixed
заказать сайт,заказать сайт для бизнеса,Все регионы,commercial
конструктор сайтов,конструктор сайтов для школ,Все регионы,mixed
разработка веб,разработка веб сайтов для бизнеса,Все регионы,mixed
сайт записи,сайт для записи к врачу московская область,Все регионы,mixed
сайт музыкальной,сайт для музыкальной школы,Все регионы,mixed
заказать сайт,заказать сайт для компании,Все регионы,commercial
портал сайта,портал для сайта школы,Все регионы,mixed
сайт производства,сайт для производства мебели,Все регионы,mixed
сайт интернет,сайт интернет магазина для рукоделия,Все регионы,mixed
интернет магазин,интернет магазин арена для плавания официальный сайт,Все регионы,mixed
маррусия продукты,маррусия продукты для ресторанов официальный сайт,Все регионы,mixed
название сайта,название для сайта услуг,Все регионы,mixed
разработка сайта,разработка сайта для интернет магазина,Все регионы,mixed
разработка сайта,разработка сайта для стоматологии,Все регионы,mixed
сайт выбора,сайт для выбора бизнеса,Все регионы,mixed
сайт заказ,сайт на заказ для компаний,Все регионы,mixed
сайт продаж,сайт продаж для производства,Все регионы,mixed
сайты поиска,сайты для поиска дешевых отелей,Все регионы,mixed
создать сайт,создать сайт для доставки,Все регионы,mixed
официальный сайт,официальный сайт для бронирования отелей,Все регионы,mixed
сайт визитка,сайт визитка для компании,Все регионы,mixed
сайт врачей,сайт для врачей отзывы,Все регионы,mixed
сайт услуг,сайт для услуг примеры,Все регионы,informational
сайт косметики,сайт косметики интернет магазин для,Все регионы,mixed
сайты отзывов,сайты для отзывов о компаниях,Все регионы,mixed
школа интернат,школа интернат для слабовидящих официальный сайт,Все регионы,mixed
онлайн школа,онлайн школа умскул официальный сайт для подготовки,Все регионы,mixed
сайты интим,сайты для интим услуг,Все регионы,mixed
техносоюз оборудование,техносоюз оборудование для автосервиса сайт,Все регионы,mixed
новости сайта,новости для сайта компании,Все регионы,mixed
сайт школы,сайт школы интерната для детей сирот,Все регионы,mixed
сайт школы,сайт школы интерната для сирот,Все регионы,mixed
сколько стоит,сколько стоит сайт для интернет магазина,Все регионы,informational
втб официальный,втб официальный сайт для бизнеса,Все регионы,mixed
корпоративный сайт,корпоративный сайт для интернет магазина,Все регионы,mixed
новости сайта,новости для сайта школы,Все регионы,mixed
полезные сайты,полезные сайты для школы,Все регионы,mixed
продвижения сайтов,продвижения сайтов для бизнеса,Все регионы,mixed
сайт школ,сайт для школ искусств,Все регионы,mixed
сайт налоговой,сайт налоговой для бизнеса,Все регионы,mixed
сайты врачей,сайты для врачей терапевтов,Все регионы,mixed
фото сайта,фото для сайта компании,Все регионы,mixed
мебель школы,мебель для школы официальный сайт,Все регионы,mixed
разработка сайта,разработка сайта для производства,Все регионы,mixed
сайт выбора,сайт для выбора отелей,Все регионы,mixed
сайт интернет,сайт интернет магазинов для парикмахеров,Все регионы,mixed
сайт ламода,сайт ламода интернет магазин для женщин,Все регионы,mixed
создать сайт,создать сайт для интернет магазина самому,Все регионы,mixed
дизайн сайта,дизайн сайта для интернет магазина,Все регионы,mixed
сайт компании,сайт компании для персонала,Все регионы,mixed
техносоюз оборудование,техносоюз оборудование для автосервиса официальный сайт,Все регионы,mixed
чего нужен,для чего нужен сайт компании,Все регионы,mixed
интернет магазин,интернет магазин официальный сайт для полных,Все регионы,mixed
норберг оборудование,норберг оборудование для автосервиса официальный сайт,Все регионы,mixed
образовательные сайты,образовательные сайты для детского сада,Все регионы,mixed
создать сайт,создать сайт для производства,Все регионы,mixed
госвеб сайт,госвеб сайт для школы,Все регионы,mixed
сайт взрослых,сайт для взрослых школа,Все регионы,mixed
сайт врачей,сайт для врачей лечение,Все регионы,mixed
сайт детей,сайт для детей интернет магазин,Все регионы,mixed
сайт доставки,сайт для доставки цветов,Все регионы,mixed
сайт школы,сайт для школы код,Все регионы,mixed
сайт школы,сайт для школы рф,Все регионы,mixed
сайт ламода,сайт ламода интернет магазин для женщин каталог,Все регионы,mixed
сайты необходимые,сайты необходимые для школы,Все регионы,mixed
создать сайт,создать сайт для бизнеса самому,Все регионы,mixed
топ сайтов,топ сайтов для отелей,Все регионы,mixed
условия доставки,условия доставки для сайта,Все регионы,mixed
бронирование отелей,бронирование отелей за границей для россиян сайты,Все регионы,mixed
сайт спортивной,сайт для спортивной школы,Все регионы,mixed
сайт сбербанка,сайт сбербанка онлайн для бизнеса,Все регионы,mixed
парикмахеров официальный,для парикмахеров официальный сайт интернет магазин,Все регионы,mixed
какой сайт,какой сайт выбрать для интернет магазина,Все регионы,mixed
наличие сайта,наличие сайта для компании,Все регионы,mixed
разработка создания,разработка создания сайтов для бизнеса,Все регионы,mixed
регистрация сайта,регистрация для сайта школы,Все регионы,mixed
сайт организации,сайт для организации бизнеса,Все регионы,mixed
сайт корм,сайт корм для кошек интернет магазин,Все регионы,mixed
сайты школ,сайты для школ платформы,Все регионы,mixed
сайты скидок,сайты скидок для интернет магазинов,Все регионы,mixed
альфа банк,альфа банк официальный сайт для бизнеса,Все регионы,mixed
все отеля,все для отеля официальный сайт,Все регионы,mixed
готовый сайт,готовый сайт для доставки,Все регионы,mixed
корзина сайта,корзина для сайта интернет магазина,Все регионы,mixed
посты сайта,посты для сайта школы,Все регионы,mixed
сайт доставки,сайт для доставки продуктов,Все регионы,mixed
сайт просмотра,сайт для просмотра компанией,Все регионы,mixed
сайты врачей,сайты для врачей клинических,Все регионы,mixed
сайты поиска,сайты для поиска отелей в россии,Все регионы,mixed
все школ,все для школ официальный сайт,Все регионы,mixed
сделать сайт,как сделать сайт для услуг,Все регионы,informational
популярные сайты,популярные сайты для бронирования отелей,Все регионы,mixed
сайт главных,сайт для главных врачей,Все регионы,mixed
сайты подачи,сайты для подачи услуг,Все регионы,mixed
услуги фото,услуги фото для сайта,Все регионы,commercial
фото сайта,фото для сайта школы,Все регионы,mixed
доставка описание,доставка описание для сайта,Все регионы,mixed
заказать сайт,заказать сайт для услуг,Все регионы,commercial
китайский сайт,китайский сайт для доставки,Все регионы,mixed
лучший сайт,лучший сайт для врача,Все регионы,mixed
официальные сайты,официальные сайты интернет магазинов для детей,Все регионы,mixed
разработка сайтов,разработка сайтов для школ,Все регионы,mixed
сайт интернет,сайт для интернет магазина продуктов,Все регионы,mixed
одностраничный сайт,одностраничный сайт для услуг,Все регионы,mixed
описание школы,описание школы для сайта,Все регионы,mixed
сайт почты,сайт почты для доставки,Все регионы,mixed
сайт услуг,сайт услуг для инвалидов,Все регионы,mixed
сайты школа,сайты школа для глухих,Все регионы,mixed
бизнес идеи,бизнес идеи для сайта,Все регионы,mixed
видео сайта,видео для сайта компании,Все регионы,mixed
делаем сайты,делаем сайты для бизнеса,Все регионы,mixed
педагог сайт,педагог сайт для воспитателей детских садов,Все регионы,mixed
поддержка сайт,поддержка сайт для бизнеса,Все регионы,mixed
сайт средней,сайт для средней школы,Все регионы,mixed
сайт интернет,сайт интернет магазинов товары для сада,Все регионы,mixed
сайт школа,сайт школа программирования для детей,Все регионы,mixed
блок услуг,блок услуг для сайта,Все регионы,mixed
мед сайты,мед сайты для врачей,Все регионы,mixed
меню кафе,меню кафе для сайта,Все регионы,mixed
платформы сайта,платформы для сайта интернет магазина,Все регионы,mixed
преимущество компании,преимущество компании для сайта,Все регионы,mixed
русские магниты,русские магниты официальный сайт для начальной школы,Все регионы,mixed
сайт бизнеса,сайт для бизнеса рф,Все регионы,mixed
сайты публикаций,сайты для публикаций детский сад,Все регионы,mixed
сайты услуг,сайты для услуг в москве,Все регионы,mixed
фото врачей,фото врачей для сайта,Все регионы,mixed
виды сайтов,виды сайтов для бизнеса,Все регионы,mixed
дизайн бизнес,дизайн для бизнес сайта,Все регионы,mixed
конструктор сайтов,конструктор сайтов для услуг,Все регионы,mixed
сайты рабочих,сайты рабочих программ для школ,Все регионы,mixed
услуга размещения,услуга для размещения сайта на сервере,Все регионы,mixed
сайт покупки,сайт для покупки бизнеса,Все регионы,mixed
сайт помощи,сайт для помощи бизнесу,Все регионы,mixed
сайты оплаты,сайты для оплаты услуг физическим лицам,Все регионы,mixed
банк официальный,т банк официальный сайт для бизнеса,Все регионы,mixed
топ сайтов,топ сайтов для бронирования отелей,Все регионы,mixed
эмс мебель,эмс мебель новошахтинск мебель для школы сайт,Все регионы,mixed
интернет магазин,интернет магазин для заключенных сайт,Все регионы,mixed
лдб сайт,лдб сайт для врачей,Все регионы,mixed
ресторан вас,ресторан для вас пенза официальный сайт,Все регионы,mixed
росквартал сайт,росквартал сайт для управляющих компаний,Все регионы,mixed
сайт детский,сайт детский сад информация для родителей,Все регионы,mixed
сайт бизнес,сайт для бизнес центра,Все регионы,mixed
сайт бизнеса,сайт для бизнеса отзывы,Все регионы,mixed
сайт логистических,сайт для логистических компаний,Все регионы,mixed
сайты бизнеса,сайты для бизнеса спб,Все регионы,geo
сайты школы,сайты для школы 6 класс,Все регионы,mixed
хороший сайт,хороший сайт для школы,Все регионы,mixed
выгодные сайты,выгодные сайты для бронирования отелей,Все регионы,mixed
мааам сайт,мааам сайт для воспитателей детских садов,Все регионы,mixed
мебель бизнеса,мебель для бизнеса сайт,Все регионы,mixed
модель сайта,модель сайта для интернет магазина,Все регионы,mixed
раздел доставка,раздел доставка для сайта,Все регионы,mixed
сайт визитка,сайт визитка для бизнеса,Все регионы,mixed
сайт отзывов,сайт для отзывов отелей,Все регионы,mixed
сайт очереди,сайт для очереди в детский сад,Все регионы,mixed
сайт школы,сайт школы вакантные места для перевода,Все регионы,mixed
сколько стоит,сколько стоит сайт для компании,Все регионы,informational
arena магазин,arena магазин для плавания официальный сайт интернет,Все регионы,mixed
начальная школа,начальная школа сайт для учителей начальных классов,Все регионы,mixed
озон бизнеса,озон для бизнеса сайт,Все регионы,mixed
сайт доставки,сайт для доставки на дом,Все регионы,mixed
сайт торговой,сайт для торговой компании,Все регионы,mixed
сайты государственных,сайты государственных органов для предоставления услуг,Все регионы,mixed
сайты учебников,сайты учебников для школы,Все регионы,mixed
современный сайт,современный сайт для бизнеса,Все регионы,mixed
создать сайт,создать сайт для автосервиса,Все регионы,mixed
создать сайт,создать сайт для продвижения услуг,Все регионы,mixed
школа милиции,школа милиции официальный сайт для девушек,Все регионы,mixed
яснополянская школа,яснополянская школа для одаренных детей официальный сайт,Все регионы,mixed
seo услуги,seo услуги для сайтов услуг,Все регионы,commercial
кредит сайт,кредит сайт для бизнеса,Все регионы,mixed
трип бизнеса,он ту трип для бизнеса официальный сайт,Все регионы,mixed
про школу,про школу сайт для учителей,Все регионы,mixed
программа автодилер,программа автодилер для автосервиса официальный сайт,Все регионы,mixed
разработка создание,разработка и создание сайта для компании,Все регионы,mixed
сайт школ,сайт для школ на госуслугах,Все регионы,mixed
сайты бизнеса,сайты для бизнеса примеры,Все регионы,informational
сайты компании,сайты для компании друзей,Все регионы,mixed
сайты объявлений,сайты объявлений для компаний,Все регионы,mixed
спб сайт,спб сайт для врачей,Все регионы,geo
агат мебель,агат мебель для школы официальный сайт,Все регионы,mixed
история школы,история школы для сайта,Все регионы,mixed
пример сайта,пример сайта для школы,Все регионы,informational
про школу,про школу ру сайт для учителей,Все регионы,mixed
расчет доставки,расчет доставки для сайтов,Все регионы,mixed
сайт врачей,сайт для врачей тест сайт,Все регионы,mixed
сайт стоматологической,сайт для стоматологической клиники,Все регионы,mixed
сайт сбербанк,сайт сбербанк онлайн для малого бизнеса,Все регионы,mixed
сайты нмо,сайты нмо для врачей,Все регионы,mixed
создание сайтов,создание сайтов для автосервиса,Все регионы,mixed
школа сайт,школа ру сайт для учителей,Все регионы,mixed
ает оборудование,ает оборудование для автосервиса официальный сайт,Все регионы,mixed
интернет магазин,интернет магазин одежды фото для сайта,Все регионы,mixed
правовые сайты,правовые сайты для юристов,Все регионы,mixed
сайт записи,сайт для записи к врачу ростов,Все регионы,mixed
сайт клиники,сайт для клиники заказать,Все регионы,commercial
сайт меню,сайт для меню ресторана,Все регионы,mixed
сайт ресторана,сайт для ресторана цена,Все регионы,commercial
сайты поиска,сайты для поиска врачей,Все регионы,mixed
сайты скидок,сайты скидок для услуги,Все регионы,commercial
сбербанк онлайн,сбербанк онлайн для бизнеса официальный сайт,Все регионы,mixed
какой сайт,какой сайт для бронирования отелей лучше,Все регионы,mixed
новость сайта,новость для сайта детского сада день россии,Все регионы,mixed
образовательные сайты,образовательные сайты для начальной школы,Все регионы,mixed
педсовет сайт,педсовет сайт для воспитателей в детском саду,Все регионы,mixed
сайт отслеживания,сайт для отслеживания доставки,Все регионы,mixed
сайт службы,сайт для службы доставки,Все регионы,mixed
сайт фриланс,сайт для фриланс услуги,Все регионы,commercial
сайт стоматология,сайт стоматология для всех кострома,Все регионы,mixed
сайт школы,сайт школы для слепых,Все регионы,mixed
создание сайта,создание сайта для ресторанов,Все регионы,mixed
создать сайт,создать сайт для детского сада,Все регионы,mixed
страница компании,страница о компании для сайта,Все регионы,mixed
типы сайтов,типы сайтов для бизнеса,Все регионы,mixed
сайтов рекламы,10 сайтов для рекламы услуг клинера,Все регионы,mixed
транспортная компания,для транспортная компания официальный сайт,Все регионы,mixed
интересные сайты,интересные сайты для школы,Все регионы,mixed
интернет сайт,интернет сайт для врачей,Все регионы,mixed
история компании,история компании для сайта,Все регионы,mixed
клиника неврология,клиника неврология для всех омск официальный сайт,Все регионы,mixed
мгинская школа,мгинская школа интернат для слабовидящих детей сайт,Все регионы,mixed
рекламные сайты,рекламные сайты для бизнеса,Все регионы,mixed
создание сайтов,создание сайтов для кафе,Все регионы,mixed
структура сайта,структура сайта для интернет магазина,Все регионы,mixed
агат липецк,агат липецк мебель для школы официальный сайт,Все регионы,mixed
мебель бизнеса,мебель для бизнеса и дома официальный сайт,Все регионы,mixed
мебель бизнеса,мебель для бизнеса и дома сайт,Все регионы,mixed
продающие сайты,продающие сайты для бизнеса,Все регионы,mixed
сайт детского,сайт детского сада нужен для,Все регионы,mixed
сайт отелей,сайт для отелей и гостиниц,Все регионы,mixed
сайт игр,сайт игр для компании онлайн,Все регионы,mixed
сайты школ,сайты школ интернатов для глухих,Все регионы,mixed
статьи сайта,статьи для сайта услуга,Все регионы,mixed
интернист сайт,интернист сайт для врачей видеолекции,Все регионы,mixed
компании сайты,компании и сайты для google,Все регионы,mixed
сайт записи,сайт для записи к врачу спб,Все регионы,geo
сайт школы,сайт для школы английского языка,Все регионы,mixed
сайт книг,сайт книг для школы,Все регионы,mixed
сайты бронированных,сайты для бронированных отелей,Все регионы,mixed
сайты поиска,сайты для поиска юристов,Все регионы,mixed
слова сайта,слова для сайта детского сада,Все регионы,mixed
стоматология всех,стоматология для всех кострома официальный сайт,Все регионы,mixed
услуги картинки,услуги картинки для сайта,Все регионы,commercial
втб банк,втб банк официальный сайт для бизнеса,Все регионы,mixed
код интернет,код интернет магазина для сайта,Все регионы,mixed
конструктор сайта,конструктор сайта для детского сада,Все регионы,mixed
сайт аккредитации,сайт для аккредитации ит компании,Все регионы,mixed
сайт аналитики,сайт для аналитики бизнеса,Все регионы,mixed
сайт доставки,сайт для доставки грузов,Все регионы,mixed
сайт записи,сайт для записи к врачу ленинградская область,Все регионы,mixed
сайт школы,сайт для школы пермь,Все регионы,mixed
сайты поиска,сайты для поиска интернет магазинов,Все регионы,mixed
создать сайт,создать сайт для отеля,Все регионы,mixed
школа глухих,школа для глухих официальный сайт,Все регионы,mixed
интернист сайт,интернист сайт для врачей терапевтов,Все регионы,mixed
компания старт,компания старт оборудование для автосервиса официальный сайт,Все регионы,mixed
лучшие сайты,лучшие сайты для клиник,Все регионы,mixed
мегафон сайт,мегафон сайт для бизнеса,Все регионы,mixed
официальный сайт,официальный сайт сбербанка для бизнеса россии,Все регионы,mixed
производства сайта,производства сайта для интернет магазина,Все регионы,mixed
сайт бизнеса,сайт для бизнеса описание,Все регионы,mixed
сайт бизнеса,сайт для бизнеса санкт петербург,Все регионы,mixed
сайт врачей,сайт для врачей интернист терапевтов видеолекции,Все регионы,mixed
сайт интимных,сайт для интимных услуг,Все регионы,mixed
сайт поиска,сайт для поиска товаров для бизнеса,Все регионы,mixed
сайты программирования,сайты для программирования в школах,Все регионы,mixed
салют бизнеса,салют для бизнеса сайт,Все регионы,mixed
школа электрика,школа для электрика сайт,Все регионы,mixed
дизайн сайта,дизайн сайта для школы,Все регионы,mixed
информация юриста,информация для юриста для сайта,Все регионы,mixed
материалы сайта,материалы для сайта детского сада,Все регионы,mixed
сайт записи,сайт для записи к врачу сургут,Все регионы,mixed
сайт оборудование,сайт оборудование для школ,Все регионы,mixed
сайт школы,сайт школы для слабослышащих,Все регионы,mixed
сайты школы,сайты для школы 2 класс,Все регионы,mixed
сайты интернет,сайты интернет магазинов для мыловаров,Все регионы,mixed
сбербанк россии,сбербанк россии для малого бизнеса официальный сайт,Все регионы,mixed
ozon доставка,ozon доставка для сайта,Все регионы,mixed
доставка картинка,доставка картинка для сайта,Все регионы,mixed
интернет магазин,интернет магазин для любого сайта,Все регионы,mixed
какой сайт,какой сайт лучше для интернет магазина,Все регионы,mixed
клен официальный,клен официальный сайт оборудование для пищевых производств,Все регионы,mixed
купить сайт,купить сайт для школы,Все регионы,commercial
купить сайт,купить сайт для юриста,Все регионы,commercial
озон банк,озон банк для бизнеса сайт,Все регионы,mixed
онкологические сайты,онкологические сайты для врачей,Все регионы,mixed
посуда кафе,посуда для кафе и ресторанов сайт,Все регионы,mixed
сайт доставки,сайт для доставки пиццы,Все регионы,mixed
создать сайт,создать сайт для интернет магазина конструктор,Все регионы,mixed
создать сайт,создать сайт для ресторана,Все регионы,mixed
стоматология всех,стоматология для всех журнал официальный сайт,Все регионы,mixed
турецкий сайт,турецкий сайт для бронирования отелей,Все регионы,mixed
услуги сайта,юр услуги для сайта,Все регионы,commercial
speedo интернет,speedo интернет магазин для плавания официальный сайт,Все регионы,mixed
бизнес чат,бизнес чат для сайта,Все регионы,mixed
готовые сайты,готовые сайты для доставки еды,Все регионы,mixed
инвесторы бизнеса,инвесторы для бизнеса сайт,Все регионы,mixed
интернет магазин,интернет магазин для собак москва сайт,Все регионы,geo
картинки сайтов,картинки для сайтов детских садов,Все регионы,mixed
кафе друзей,кафе для друзей сайт,Все регионы,mixed
конструктор сайта,конструктор для сайта компании,Все регионы,mixed
нужен сайт,нужен сайт для отеля,Все регионы,mixed
продающий сайт,продающий сайт для услуг,Все регионы,mixed
сайт бухгалтерской,сайт для бухгалтерской компании,Все регионы,mixed
сайт производственных,сайт для производственных компаний,Все регионы,mixed
сайт просмотра,сайт для просмотра школы,Все регионы,mixed
сайт размещения,сайт для размещения товаров и услуг,Все регионы,mixed
сайт доставки,сайт доставки для ресторанов,Все регионы,mixed
сайт услуг,сайт услуг для населения,Все регионы,mixed
сайты бизнеса,сайты для бизнеса под ключ в спб,Все регионы,commercial
сайты малого,сайты для малого и среднего бизнеса,Все регионы,mixed
создать сайт,создать сайт для салона красоты,Все регионы,mixed
тор моя,тор моя школа информация для сайта,Все регионы,mixed
чат сайта,чат для сайта услуг,Все регионы,mixed
готовые сайты,готовые сайты для школы,Все регионы,mixed
документы сайта,документы для сайта интернет магазина,Все регионы,mixed
макс бизнеса,макс для бизнеса сайт,Все регионы,mixed
сайт врачей,сайт для врачей клинические рекомендации,Все регионы,mixed
сайт записи,сайт для записи в школу,Все регионы,mixed
сайт оплаты,сайт для оплаты услуг через интернет,Все регионы,mixed
сайт регистрации,сайт для регистрации врачей,Все регионы,mixed
сайт ресторана,сайт для ресторана москва,Все регионы,geo
сайт собственного,сайт для собственного бизнеса,Все регионы,mixed
сайт сравнения,сайт для сравнения цен в интернет магазинах,Все регионы,mixed
сайт эскорт,сайт для эскорт услуг,Все регионы,mixed
создать сайт,создать сайт для онлайн школы,Все регионы,mixed
шеф сайт,шеф оф сайт оборудование для ресторанов,Все регионы,mixed
какой конструктор,какой конструктор сайта для интернет магазина,Все регионы,mixed
лореаль официальный,лореаль официальный сайт для врачей,Все регионы,mixed
разработка сайта,разработка сайта для бизнеса под ключ,Все регионы,commercial
сайт компании,сайт для 1с компании,Все регионы,mixed
сайт отеля,сайт для отеля заказать,Все регионы,commercial
сайт открытия,сайт для открытия бизнеса,Все регионы,mixed
сайт проверки,сайт для проверки исполнительного производства,Все регионы,mixed
сайт еды,сайт еды для ресторанов,Все регионы,mixed
сайт сбер,сайт сбер для малого бизнеса,Все регионы,mixed
сайты аналитики,сайты для аналитики компаний,Все регионы,mixed
сайты бронирования,сайты для бронирования отелей в абхазии,Все регионы,mixed
сайты детей,сайты для детей начальной школы,Все регионы,mixed
сайты школы,сайты для школы 4 класс,Все регионы,mixed
создать сайт,создать сайт для кафе,Все регионы,mixed
требования сайту,требования к сайту ит компании для аккредитации,Все регионы,mixed
фон компании,фон для компании сайт,Все регионы,mixed
хостинги сайтов,хостинги сайтов для компаний,Все регионы,mixed
государственные сайты,государственные сайты для бизнеса,Все регионы,mixed
забронируй сайт,забронируй сайт для отелей,Все регионы,mixed
медлок программа,медлок программа для стоматологии медицинская официальный сайт,Все регионы,mixed
сайт ведения,сайт для ведения бизнеса,Все регионы,mixed
сайт интернет,сайт интернет магазина для художников,Все регионы,mixed
сайт минздрава,сайт минздрава для врачей,Все регионы,mixed
сайт псб,сайт псб для бизнеса,Все регионы,mixed
сайты детского,сайты для детского сада музыкальные,Все регионы,mixed
сайты школы,сайты для школы 8 класс,Все регионы,mixed
сделать сайт,сделать сайт для кафе,Все регионы,mixed
создать сайт,создать сайт для бизнеса яндекс,Все регионы,mixed
фотографии сайта,фотографии для сайта компании,Все регионы,mixed
рош позе,ла рош позе сайт для врачей,Все регионы,mixed
лучшие сайты,лучшие сайты для поиска отелей,Все регионы,mixed
сайт детских,сайт детских песен для детского сада,Все регионы,mixed
сайт бизнеса,сайт для бизнеса сбербизнес,Все регионы,mixed
сайт записи,сайт для записи в салон красоты,Все регионы,mixed
сайт оценок,сайт для оценок в школе,Все регионы,mixed
сайт подачи,сайт для подачи документов в школу,Все регионы,mixed
сайт работников,сайт для работников детского сада,Все регионы,mixed
сайт презентаций,сайт презентаций для школы,Все регионы,mixed
сайты промышленных,сайты для промышленных компаний,Все регионы,mixed
сайты доказательной,сайты доказательной медицины для врачей,Все регионы,mixed
создать сайт,создать сайт для стоматологии,Все регионы,mixed
школа диабетиков,школа для диабетиков 2 типа официальный сайт,Все регионы,mixed
баллы врачей,баллы для врачей сайт,Все регионы,mixed
бесплатные сайты,бесплатные сайты для врачей,Все регионы,mixed
бетховен интернет,бетховен интернет магазин для животных сайт,Все регионы,mixed
бизнес требования,бизнес требования для сайта,Все регионы,mixed
диамарка официальный,диамарка официальный сайт интернет магазин для диабетиков,Все регионы,mixed
открыть сайт,открыть сайт для интернет магазина,Все регионы,mixed
сайт группы,сайт группы детского сада для родителей,Все регионы,mixed
сайт бизнеса,сайт для бизнеса сколько стоит,Все регионы,informational
сайт бронирования,сайт для бронирования отелей в китае,Все регионы,mixed
сайт бухгалтерских,сайт для бухгалтерских услуг,Все регионы,mixed
сайт школы,сайт для школы цена,Все регионы,commercial
сайт приложение,сайт приложение для доставки еды,Все регионы,mixed
сайты новорожденных,сайты для новорожденных интернет магазин,Все регионы,mixed
создать сайт,создать сайт для оказания услуг,Все регионы,mixed
статья компании,статья о компании для сайта,Все регионы,mixed
гришко интернет,гришко интернет магазин для танцев официальный сайт,Все регионы,mixed
гришко сайт,гришко сайт интернет магазин для танцев,Все регионы,mixed
деваль официальный,деваль официальный сайт интернет магазин для парикмахеров,Все регионы,mixed
интернет магазин,интернет магазин для новорожденных официальный сайт,Все регионы,mixed
интернет магазин,интернет магазин для танцев официальный сайт,Все регионы,mixed
интернист официальный,интернист ру официальный сайт для врачей,Все регионы,mixed
конструктор сайтов,конструктор сайтов для доставки,Все регионы,mixed
написать сайт,написать сайт для интернет магазина,Все регионы,mixed
сайт доставки,сайт для доставки воды,Все регионы,mixed
сайт доставки,сайт для доставки разработка,Все регионы,mixed
сайт предоставления,сайт для предоставления своих услуг,Все регионы,mixed
сайт статей,сайт для статей врачам,Все регионы,mixed
сайт услуг,сайт для услуг какой лучше,Все регионы,mixed
сайты бизнеса,сайты для бизнеса список,Все регионы,mixed
сайты школы,сайты для школы 7 класс,Все регионы,mixed
топ сайтов,топ сайтов для услуг,Все регионы,mixed
цвета сайта,цвета для сайта компании,Все регионы,mixed
школа слепых,школа для слепых и слабовидящих сайт,Все регионы,mixed
roche posay,la roche posay сайт для врачей,Все регионы,mixed
адента программа,адента программа для стоматологии официальный сайт,Все регионы,mixed
копилка педагога,копилка педагога сайт для воспитателей детских садов,Все регионы,mixed
рош позе,ла рош позе официальный сайт для врачей,Все регионы,mixed
разработка веб,разработка веб сайтов для интернет магазинов,Все регионы,mixed
речь сайта,речь для сайта школы,Все регионы,mixed
сайт ветеринарной,сайт для ветеринарной клиники,Все регионы,mixed
сайт детских,сайт для детских садов и школ,Все регионы,mixed
сайт клининговой,сайт для клининговой компании,Все регионы,mixed
сайт подбора,сайт для подбора отелей,Все регионы,mixed
сайт частной,сайт для частной клиники,Все регионы,mixed
сайт косметики,сайт косметики для волос интернет магазин,Все регионы,mixed
сайта интернет,сайта для интернет магазина под ключ,Все регионы,commercial
сайты бронирования,сайты для бронирования отелей в белоруссии,Все регионы,mixed
сайты знакомств,сайты знакомств для бизнеса,Все регионы,mixed
фоны сайта,фоны для сайта школа,Все регионы,mixed
фото бизнес,фото для бизнес сайта,Все регионы,mixed
вилена мебель,вилена мебель для детских садов официальный сайт,Все регионы,mixed
внутренний сайт,внутренний сайт компании для сотрудников,Все регионы,mixed
выдумщики официальный,выдумщики официальный сайт интернет магазин для мыловаров,Все регионы,mixed
какой сайт,какой сайт нужен для бизнеса,Все регионы,mixed
лукойл бизнеса,лукойл для бизнеса официальный сайт,Все регионы,mixed
мегафон бизнеса,мегафон для бизнеса официальный сайт,Все регионы,mixed
медицина своих,медицина для своих тольятти официальный сайт врачи,Все регионы,mixed
модуль доставки,модуль доставки для сайта,Все регионы,mixed
озон банк,озон банк для бизнеса официальный сайт,Все регионы,mixed
профессиональные сайты,профессиональные сайты для бизнеса,Все регионы,mixed
сайт визитка,сайт визитка для юриста,Все регионы,mixed
сайт заказа,сайт для заказа отеля,Все регионы,mixed
сайт оформления,сайт для оформления детского сада,Все регионы,mixed
сайт энергосбытовой,сайт для энергосбытовой компании,Все регионы,mixed
сайт объявлений,сайт объявлений для бизнеса,Все регионы,mixed
сайт школы,сайт школы для глухих детей,Все регионы,mixed
сделать сайт,сделать сайт для ресторана,Все регионы,mixed
сколько стоит,сколько стоит сделать сайт для интернет магазина,Все регионы,informational
совкомбанк бизнеса,совкомбанк для бизнеса официальный сайт,Все регионы,mixed
создание сайта,создание сайта для стоматологии,Все регионы,mixed
создать сайт,создать сайт для малого бизнеса,Все регионы,mixed
яндекс банк,яндекс банк для бизнеса официальный сайт,Все регионы,mixed
атис оборудование,атис оборудование для автосервиса официальный сайт,Все регионы,mixed
дарз официальный,дарз официальный сайт подъемники для автосервиса,Все регионы,mixed
китайский сайт,китайский сайт для бронирования отелей,Все регионы,mixed
купить готовый,купить готовый сайт для интернет магазина,Все регионы,commercial
макет сайта,макет для сайта компании,Все регионы,mixed
мсп сайт,мсп сайт для бизнеса,Все регионы,mixed
популярные сайты,популярные сайты для услуг,Все регионы,mixed
про болезни,про болезни сайт для врачей,Все регионы,mixed
сайт кафе,сайт для кафе цена,Все регионы,commercial
сайт оплаты,сайт для оплаты коммунальных услуг через интернет,Все регионы,mixed
сайт оптовой,сайт для оптовой компании,Все регионы,mixed
сайт отеля,сайт для отеля с функцией бронирования,Все регионы,mixed
сайт руководителя,сайт для руководителя детского сада,Все регионы,mixed
сайт знакомств,сайт знакомств для врачей,Все регионы,mixed
сайт оформления,сайт оформления для школы,Все регионы,mixed
сайт хоспонлайн,сайт хоспонлайн для записи к врачу,Все регионы,mixed
сайт хоспонлайн,сайт хоспонлайн для записи к врачу сургут,Все регионы,mixed
сайты тестов,сайты тестов для школы,Все регионы,mixed
сбербизнес сайт,сбербизнес сайт для малого бизнеса,Все регионы,mixed
сделать сайт,сделать сайт для отеля,Все регионы,mixed
создать сайт,создать сайт для доставки еды,Все регионы,mixed
школа россии,школа россии сайт для учителей,Все регионы,mixed
заметки сайта,заметки для сайта детского сада,Все регионы,mixed
интернет магазин,интернет магазин для художников официальный сайт,Все регионы,mixed
сделать сайт,как сделать сайт для доставки,Все регионы,informational
кафе друзей,кафе для друзей первоуральск сайт,Все регионы,mixed
конструктор сайта,конструктор сайта для интернет магазина отзывы,Все регионы,mixed
мтс сайт,мтс сайт для бизнеса,Все регионы,mixed
сайт бронирования,сайт для бронирования отелей по миру,Все регионы,mixed
сайт записи,сайт для записи клиентов в салон красоты,Все регионы,mixed
сайт поиска,сайт для поиска гостиниц отелей в россии,Все регионы,mixed
сайт доставки,сайт доставки для кафе,Все регионы,mixed
сайт услуг,сайт услуг для мужчин,Все регионы,mixed
сайты бронирования,сайты для бронирования отелей в крыму,Все регионы,mixed
сайты юристов,сайты для юристов онлайн,Все регионы,mixed
стоимость сайта,стоимость сайта для интернет магазина,Все регионы,commercial
фото доставки,фото доставки для сайта,Все регионы,mixed
школа английского,школа английского для детей сайт,Все регионы,mixed
гарант сайт,гарант сайт для юристов,Все регионы,mixed
девиз детского,девиз детского сада для сайта,Все регионы,mixed
лучшие сайты,лучшие сайты для бронирования отелей за границей,Все регионы,mixed
медицинский сайт,медицинский сайт для записи к врачу,Все регионы,mixed
мои глаза,мои глаза для бизнеса алкон официальный сайт,Все регионы,mixed
просвим интернет,просвим интернет магазин для плавания официальный сайт,Все регионы,mixed
сайт автоматизации,сайт для автоматизации бизнеса,Все регионы,mixed
сайт доставки,сайт для доставки роллов,Все регионы,mixed
сайт любого,сайт для любого бизнеса,Все регионы,mixed
сайт регистрации,сайт для регистрации детского сада,Все регионы,mixed
сайт мебели,сайт мебели для ресторанов,Все регионы,mixed
сайт новогуровской,сайт новогуровской школы для обучающихся с овз,Все регионы,mixed
сайт оборудование,сайт оборудование для бизнеса,Все регионы,mixed
сайты стоматологии,сайты стоматологии для детей,Все регионы,mixed
фото сайта,фото для сайта детского сада,Все регионы,mixed
айко ресторанов,айко для ресторанов сайт,Все регионы,mixed
девиз сайта,девиз для сайта воспитателя детского сада,Все регионы,mixed
доказательная медицина,доказательная медицина официальный сайт для врачей,Все регионы,mixed
калькулятор доставки,калькулятор доставки для сайта,Все регионы,mixed
медзнания официальный,медзнания официальный сайт для врачей,Все регионы,mixed
нужен сайт,нужен ли сайт для бизнеса,Все регионы,mixed
подиафарм официальный,подиафарм официальный сайт интернет магазин для педикюра,Все регионы,mixed
рейтинг сайтов,рейтинг сайтов для бронирования отелей,Все регионы,mixed
румерс посуда,румерс посуда для ресторанов официальный сайт,Все регионы,mixed
сайт онлайн,сайт для онлайн школы конструктор,Все регионы,mixed
сайт покупки,сайт для покупки отелей,Все регионы,mixed
сайт размещения,сайт для размещения объявлений об услугах,Все регионы,mixed
сайт секс,сайт для секс услуг,Все регионы,mixed
сайт фармацевтической,сайт для фармацевтической компании,Все регионы,mixed
сайт дошкольник,сайт дошкольник для воспитателей детского сада,Все регионы,mixed
сайт образования,сайт образования для врачей,Все регионы,mixed
сайт школы,сайт школы для слабослышащих детей,Все регионы,mixed
сайт школы,сайт школы интерната для глухих детей,Все регионы,mixed
сайты поиска,сайты для поиска отелей за границей,Все регионы,mixed
сбер сайт,сбер сайт онлайн для бизнеса,Все регионы,mixed
услуги операторов,услуги операторов для сайтов,Все регионы,commercial
onetwotrip бизнеса,onetwotrip для бизнеса официальный сайт,Все регионы,mixed
аэрофлот бизнеса,аэрофлот для бизнеса официальный сайт,Все регионы,mixed
готовый сайт,готовый сайт для отеля,Все регионы,mixed
доставка текст,доставка текст для сайта,Все регионы,mixed
интернет магазин,интернет магазин для сайта html,Все регионы,mixed
интернет магазин,интернет магазин официальный сайт одежды для полных,Все регионы,mixed
кафе друзей,кафе для друзей первоуральск сайт официальный,Все регионы,mixed
клен сайт,клен сайт посуды для ресторанов,Все регионы,mixed
конструктор сайта,конструктор сайта для агентства недвижимости,Все регионы,mixed
образец сайта,образец сайта для школы,Все регионы,mixed
псб банк,псб банк официальный сайт для бизнеса,Все регионы,mixed
публикации сайта,публикации для сайта воспитателя детского сада,Все регионы,mixed
разработка сайта,разработка сайта для малого бизнеса под ключ,Все регионы,commercial
сайт клиники,сайт для клиники цена,Все регионы,commercial
сайт отеля,сайт для отеля заказать под ключ,Все регионы,commercial
сайт семашко,сайт семашко для записи к врачу,Все регионы,mixed
сайт фссп,сайт фссп для проверки исполнительных производств,Все регионы,mixed
сайты поиска,сайты для поиска клиентов на услуги,Все регионы,commercial
футбольная школа,футбольная школа краснодар для детей официальный сайт,Все регионы,mixed
школа девочек,школа для девочек секса видео сайт,Все регионы,mixed
айко ресторанов,айко для ресторанов официальный сайт,Все регионы,mixed
готовые сайты,готовые сайты для стоматологии,Все регионы,mixed
гранд базар,гранд базар оборудование для ресторанов официальный сайт,Все регионы,mixed
профессиональные сайты,профессиональные сайты для врачей,Все регионы,mixed
сайт деньги,сайт деньги для бизнеса,Все регионы,mixed
сайт детского,сайт детского сада консультации для родителей,Все регионы,mixed
сайт воскресной,сайт для воскресной школы,Все регионы,mixed
сайт меню,сайт для меню доставки,Все регионы,mixed
сайт поиска,сайт для поиска отелей по всему миру,Все регионы,mixed
сайт товаров,сайт товаров для рукоделие интернет магазин,Все регионы,mixed
сайт услуг,сайт услуг для женщин,Все регионы,mixed
сайт школы,сайт школы интерната для слепых детей,Все регионы,mixed
сайты музыкального,сайты для музыкального руководителя детского сада,Все регионы,mixed
сайты оказания,сайты для оказания юридических услуг,Все регионы,mixed
самые популярные,самые популярные сайты для бронирования отелей,Все регионы,mixed
сколько стоит,сколько стоит создать сайт для интернет магазина,Все регионы,informational
создание сайта,создание сайта для строительной компании,Все регионы,mixed
фриланс юриста,фриланс для юриста сайты,Все регионы,mixed
оборудование автосервиса,ae t оборудование для автосервиса официальный сайт,Все регионы,mixed
валберис интернет,валберис интернет магазин сайт для компьютера,Все регионы,mixed
детство воспитателей,детство для воспитателей детских садов сайт,Все регионы,mixed
кленмаркет оборудование,кленмаркет оборудование для ресторанов официальный сайт,Все регионы,mixed
мини сайт,мини сайт для воспитателей детского сада,Все регионы,mixed
нмо врачей,нмо для врачей официальный сайт,Все регионы,mixed
ооо бизнес,ооо бизнес для бизнеса официальный сайт,Все регионы,mixed
оферта сайта,оферта для сайта оказание услуг,Все регионы,mixed
преимущества сайта,преимущества сайта для бизнеса,Все регионы,mixed
разработка сайта,разработка сайта для ресторана,Все регионы,mixed
разработка сайтов,разработка сайтов для отелей,Все регионы,mixed
рефро оборудование,рефро ру оборудование для ресторанов официальный сайт,Все регионы,mixed
сайт вакансий,сайт вакансий для врачей,Все регионы,mixed
сайт благодарности,сайт для благодарности врачу,Все регионы,mixed
сайт доставки,сайт для доставки суши,Все регионы,mixed
сайт записи,сайт для записи к врачу нижний новгород,Все регионы,mixed
сайт малого,сайт для ип малого бизнеса,Все регионы,mixed
сайт онлайн,сайт для онлайн консультации врача,Все регионы,mixed
сайт просмотра,сайт для просмотра очереди в детский сад,Все регионы,mixed
сайт стоматологии,сайт для стоматологии заказать,Все регионы,commercial
сайт упаковка,сайт упаковка для бизнеса,Все регионы,mixed
сайты айти,сайты для айти компаний,Все регионы,mixed
сайты поиска,сайты для поиска инвесторов для бизнеса,Все регионы,mixed
сайты юристов,сайты для юристов фрилансеров,Все регионы,mixed
сайты полезные,сайты полезные для бизнеса,Все регионы,mixed
сайты социальных,сайты социальных сетей для бизнеса,Все регионы,mixed
создать бесплатный,создать бесплатный сайт для детского сада,Все регионы,mixed
создать бесплатный,создать бесплатный сайт для школы,Все регионы,mixed
яндекс команда,яндекс команда для бизнеса официальный сайт,Все регионы,mixed
imkosmetik интернет,imkosmetik интернет магазин для ногтей официальный сайт,Все регионы,mixed
llms txt,llms txt для сайта компании,Все регионы,mixed
аккредитация врачей,аккредитация для врачей официальный сайт,Все регионы,mixed
баннер сайта,баннер для сайта школы,Все регионы,mixed
время знаний,время знаний сайт для воспитателей детских садов,Все регионы,mixed
готовый сайт,готовый сайт для салона красоты,Все регионы,mixed
детство гид,детство гид сайт для воспитателей детских садов,Все регионы,mixed
касса сайта,касса для сайта интернет магазина,Все регионы,mixed
логистика бизнеса,логистика для бизнеса сайт,Все регионы,mixed
лучшие сайты,лучшие сайты для юристов,Все регионы,mixed
платформа создания,платформа для создания сайта интернет магазина,Все регионы,mixed
полезные сайты,полезные сайты для юристов,Все регионы,mixed
сайт записи,сайт для записи к врачу новосибирск,Все регионы,mixed
сайт ритуальных,сайт для ритуальных услуг,Все регионы,mixed
сайт создания,сайт для создания бизнес плана,Все регионы,mixed
сайт стоматологии,сайт для стоматологии цена,Все регионы,commercial
сайт юристов,сайт ии для юристов,Все регионы,mixed
сайт бизнеса,сайт рт ру для бизнеса,Все регионы,mixed
сайты продажи,сайты для продажи готового бизнеса,Все регионы,mixed
сайты туристической,сайты для туристической компании,Все регионы,mixed
сайты интернет,сайты интернет магазинов товаров для рыбалки,Все регионы,mixed
сделать сайт,сделать сайт для клиники,Все регионы,mixed
сделать сайт,сделать сайт для салона красоты,Все регионы,mixed
создам сайт,создам сайт для вашего бизнеса,Все регионы,mixed
создать сайт,создать сайт для клиники,Все регионы,mixed
стоматология всех,стоматология для всех дзержинск официальный сайт,Все регионы,mixed
аванта мебель,аванта мебель для стоматологии официальный сайт,Все регионы,mixed
виши сайт,виши сайт для врачей,Все регионы,mixed
готовый сайт,готовый сайт для агентства недвижимости,Все регионы,mixed
идеальный сайт,идеальный сайт для управляющей компании,Все регионы,mixed
иконки сайта,иконки для сайта школы,Все регионы,mixed
какие есть,какие есть сайты для бронирования отелей,Все регионы,mixed
компания марс,компания марс корма для животных официальный сайт,Все регионы,mixed
лучшие сайты,лучшие сайты для поиска отелей в россии,Все регионы,mixed
отель друзей,отель для друзей санкт петербург официальный сайт,Все регионы,mixed
официальный сайт,официальный сайт компании гели для ногтей,Все регионы,mixed
ростелеком сотрудников,ростелеком для сотрудников компании сайт,Все регионы,mixed
сайт поиска,сайт для поиска бизнес партнеров,Все регионы,mixed
сайт покупки,сайт для покупки спортивных мотоциклов с доставкой,Все регионы,mixed
сайт проверки,сайт для проверки очереди в детский сад,Все регионы,mixed
сайт приложения,сайт приложения для ресторана,Все регионы,mixed
сайт услугами,сайт с услугами для игр,Все регионы,mixed
сайты воспитателей,сайты для воспитателей школ,Все регионы,mixed
сайты начальных,сайты для начальных классов школа россии,Все регионы,mixed
сайты покупки,сайты для покупки робуксов с моментальной доставкой,Все регионы,mixed
сайты размещения,сайты для размещения отелей,Все регионы,mixed
сайты швейных,сайты для швейных производств,Все регионы,mixed
топ сайты,топ сайты для бизнеса,Все регионы,mixed
аптос официальный,аптос официальный сайт для врачей,Все регионы,mixed
бизнес правила,бизнес правила для сайта,Все регионы,mixed
генбанк официальный,генбанк официальный сайт интернет банк для бизнеса,Все регионы,mixed
врачей сайт,для врачей сайт личный кабинет,Все регионы,mixed
евросив оборудование,евросив оборудование для автосервиса официальный сайт,Все регионы,mixed
интерактивная разработка,интерактивная разработка сайтов для бизнеса,Все регионы,mixed
лучшие сайты,лучшие сайты для бронирования отелей в турции,Все регионы,mixed
ода сервис,ода сервис официальный сайт оборудование для автосервиса,Все регионы,mixed
разработка сайта,разработка сайта для салона красоты,Все регионы,mixed
ревлон волос,ревлон для волос интернет магазин официальный сайт,Все регионы,mixed
сайт брони,сайт для брони отелей в россии,Все регионы,mixed
сайт записи,сайт для записи к врачу краснодар,Все регионы,mixed
сайт поиска,сайт для поиска заказов на услуги,Все регионы,commercial
сайт создания,сайт для создания онлайн школы,Все регионы,mixed
сайт литературой,сайт с литературой для школы,Все регионы,mixed
сайт товары,сайт товары для школы,Все регионы,mixed
сайты начальной,сайты для начальной школы в помощь учителю,Все регионы,mixed
сайты обмена,сайты для обмена услугами,Все регионы,mixed
сайты оказания,сайты для оказания услуг по обучению,Все регионы,mixed
сайты интернет,сайты интернет магазинов для охоты,Все регионы,mixed
создание сайта,создание сайта для отеля,Все регионы,mixed
создать сайт,создать сайт для воспитателей детских садов,Все регионы,mixed
создать сайт,создать сайт для строительной компании,Все регионы,mixed
турецкие сайты,турецкие сайты для бронирования отелей в турции,Все регионы,mixed
школа одаренных,школа для одаренных детей саранск официальный сайт,Все регионы,mixed
школа зенит,школа зенит для детей спб официальный сайт,Все регионы,geo
дизайн сайта,дизайн сайта для клиники,Все регионы,mixed
заказать сайт,заказать сайт для школы,Все регионы,commercial
создать свой,как создать свой сайт для продажи услуг,Все регионы,informational
клиника медицина,клиника медицина для своих тольятти официальный сайт,Все регионы,mixed
компания гейзер,компания гейзер фильтры для воды официальный сайт,Все регионы,mixed
маленькая школа,маленькая школа для маленьких челябинск официальный сайт,Все регионы,mixed
медицинский сайт,медицинский сайт для врачей образование,Все регионы,mixed
офиц сайт,офиц сайт сбербанка бизнес онлайн для юридических,Все регионы,mixed
памятки родителей,памятки для родителей на сайт школы,Все регионы,mixed
ростелеком официальный,ростелеком ру официальный сайт для бизнеса,Все регионы,mixed
официальный сайт,рт ру официальный сайт для бизнеса,Все регионы,mixed
ростелеком официальный,рт ру ростелеком официальный сайт для бизнеса,Все регионы,mixed
сайт бронирования,сайт для бронирования отелей в тайланде,Все регионы,mixed
сайт врача,сайт для врача создать,Все регионы,mixed
сайт жалоб,сайт для жалоб на управляющую компанию,Все регионы,mixed
сайт записи,сайт для записи к врачу брянск,Все регионы,mixed
сайт сравнения,сайт для сравнения отелей,Все регионы,mixed
сайт тетрадей,сайт тетрадей для школы,Все регионы,mixed
сайт юридических,сайт юридических услуг для компаний,Все регионы,mixed
сайты учащихся,сайты для учащихся начальной школы,Все регионы,mixed
сайты онлайн,сайты онлайн школ для детей,Все регионы,mixed
скайп бизнеса,скайп для бизнеса официальный сайт,Все регионы,mixed
создание сайтов,создание сайтов для бизнеса и стартапов,Все регионы,mixed
узи сайт,узи сайт для врачей,Все регионы,mixed
школа сколково,школа в сколково для детей официальный сайт,Все регионы,mixed
зачем нужен,зачем нужен сайт для бизнеса,Все регионы,mixed
какой сайт,какой сайт для записи к врачу,Все регионы,mixed
клатч программа,клатч программа для салонов красоты официальный сайт,Все регионы,mixed
клен посуда,клен посуда для ресторанов официальный сайт,Все регионы,mixed
логотип сайта,логотип для сайта школы,Все регионы,mixed
лярош косметика,лярош косметика официальный сайт для врач,Все регионы,mixed
миасс стоматология,миасс стоматология для всей семьи официальный сайт,Все регионы,mixed
мфти школа,мфти школа для школьников официальный сайт,Все регионы,mixed
официальный сайт,официальный сайт компании sw для зарегистрированных,Все регионы,mixed
примеры сайтов,примеры сайтов для ресторана,Все регионы,informational
разработка сайта,разработка сайта для строительной компании,Все регионы,mixed
сайт бронирования,сайт для бронирования отелей в беларуси,Все регионы,mixed
сайт бронирования,сайт для бронирования отелей отзывы,Все регионы,mixed
сайт записи,сайт для записи к врачу воронеж,Все регионы,mixed
сайт юриста,сайт для юриста адвоката,Все регионы,mixed
сайт заданиями,сайт с заданиями для начальной школы,Все регионы,mixed
сайты брони,сайты для брони отелей за границей,Все регионы,mixed
сайты просмотра,сайты для просмотра отелей,Все регионы,mixed
сколько стоит,сколько стоит сайт для ресторана,Все регионы,informational
страница воспитателя,страница воспитателя детского сада для сайта,Все регионы,mixed
ворсма официальный,тд ворсма официальный сайт для детских садов,Все регионы,mixed
crm автосервиса,crm для автосервиса готовые сайты купить,Все регионы,commercial
альянс продукты,альянс м продукты для ресторанов официальный сайт,Все регионы,mixed
биодерма сайт,биодерма сайт для врачей,Все регионы,mixed
вероятность школе,вероятность в школе сайт для учителей,Все регионы,mixed
документы получения,документы для получения категории врача официальный сайт,Все регионы,mixed
изречения воспитателя,изречения воспитателя детского сада для сайта,Все регионы,mixed
информация сайта,информация для сайта школы школьный лагерь спорт,Все регионы,mixed
ками сайт,ками сайт станки для производства мебели,Все регионы,mixed
ками станки,ками станки для производства мебели официальный сайт,Все регионы,mixed
ками станки,ками станки официальный сайт для производства,Все регионы,mixed
картинки автосервиса,картинки автосервиса для сайта,Все регионы,mixed
нордберг оборудование,нордберг оборудование для автосервиса официальный сайт производителя,Все регионы,mixed
нордберг официальный,нордберг официальный сайт цены оборудование для автосервиса,Все регионы,mixed
питерский сайт,питерский сайт для врачей,Все регионы,mixed
программа сайтов,программа для сайтов школ могилевской области,Все регионы,mixed
разработка сайта,разработка сайта для кафе,Все регионы,mixed
разработка сайта,разработка сайта для клиник,Все регионы,mixed
сайт гарант,сайт гарант заработок для юристов,Все регионы,mixed
сайт доставки,сайт для доставки пиццы купить,Все регионы,commercial
сайт заказа,сайт для заказа лекарств с доставкой,Все регионы,mixed
сайт закрытой,сайт для закрытой школы,Все регионы,mixed
сайт кассиров,сайт для кассиров кафе готовый сайт,Все регионы,mixed
сайт компания,сайт для компания необходимость,Все регионы,mixed
сайт футбольной,сайт для футбольной школы что содержит,Все регионы,mixed
сайты бронирования,сайты для бронирования отелей в грузии,Все регионы,mixed
создать сайт,создать сайт для интернет магазина цена,Все регионы,commercial
станки производства,станки для производства мебели сайты,Все регионы,mixed
текст компании,текст о компании для сайта пример,Все регионы,informational
текст школе,текст о школе для сайта,Все регионы,mixed
темп оборудование,темп оборудование для автосервиса официальный сайт,Все регионы,mixed
топ сайтов,топ сайтов для бронирования отелей в россии,Все регионы,mixed
фото сотрудников,фото сотрудников для сайта компании,Все регионы,mixed
частные школы,частные школы для детей сайт,Все регионы,mixed
школа электрика,школа для электрика образовательный сайт,Все регионы,mixed
эми официальный,эми официальный сайт интернет магазин для ногтей,Все регионы,mixed
дмитровские подъемники,дмитровские подъемники для автосервиса официальный сайт,Все регионы,mixed
доставка оплата,доставка и оплата текст для сайта,Все регионы,mixed
здоровье электросталь,здоровье электросталь сайт для записи к врачам,Все регионы,mixed
калькулятор услуг,калькулятор услуг для сайта,Все регионы,mixed
карусель сайт,карусель сайт для детских садов,Все регионы,mixed
кафе своих,кафе для своих тула официальный сайт,Все регионы,mixed
лучший конструктор,лучший конструктор сайта для школы,Все регионы,mixed
медицинский сайт,медицинский сайт для врачей и студентов,Все регионы,mixed
озон доставка,озон доставка для твоего сайта,Все регионы,mixed
отель вас,отель для вас пенза официальный сайт,Все регионы,mixed
политика конфиденциальности,политика конфиденциальности для сайта интернет магазина,Все регионы,mixed
промокод сайта,промокод для сайта спроси врача,Все регионы,mixed
сайт бронирования,сайт для бронирования отелей москва,Все регионы,geo
сайт вызова,сайт для вызова врача,Все регионы,mixed
сайт записи,сайт для записи к врачу таганрог,Все регионы,mixed
сайт поиска,сайт для поиска услуг мастеров,Все регионы,mixed
сайт проверки,сайт для проверки китайской компании,Все регионы,mixed
сайт психологов,сайт для психологов детских садов,Все регионы,mixed
сайт лайн,сайт лайн программа для производства,Все регионы,mixed
сайты бронирования,сайты для бронирования отелей на юге россии,Все регионы,mixed
сайты ветеринарных,сайты для ветеринарных врачей,Все регионы,mixed
сайты школы,сайты для школы танцев,Все регионы,mixed
сделать сайт,сделать сайт для стоматологии,Все регионы,mixed
создание сайта,создание сайта для клиники,Все регионы,mixed
списки запрещенных,списки запрещенных сайтов для школ,Все регионы,mixed
статья сайта,статья для сайта школы искусств,Все регионы,mixed
услуги копирайтера,услуги копирайтера для сайта,Все регионы,commercial
школа королевы,школа королевы геры для дошкольников официальный сайт,Все регионы,mixed
эквинет оборудование,эквинет оборудование для автосервиса официальный сайт,Все регионы,mixed
istom программа,istom программа для стоматологии официальный сайт,Все регионы,mixed
seo сайта,seo для сайта услуг b2b,Все регионы,mixed
заказать сайт,заказать сайт для ресторана,Все регионы,commercial
заказы самозанятых,заказы для самозанятых юристов сайт,Все регионы,mixed
имкосметик интернет,имкосметик интернет магазин для ногтей официальный сайт,Все регионы,mixed
купить сайт,купить сайт для интернет магазина под ключ,Все регионы,commercial
лучшие медицинские,лучшие медицинские сайты для врачей,Все регионы,mixed
лучшие сайты,лучшие сайты для ресторанов,Все регионы,mixed
магазин клен,магазин клен оборудование для ресторанов официальный сайт,Все регионы,mixed
озон интернет,озон интернет магазин официальный сайт для компьютера,Все регионы,mixed
онлайн касса,онлайн касса для сайта интернет магазина,Все регионы,mixed
описание детского,описание детского сада для сайта образец,Все регионы,mixed
пользовательское соглашение,пользовательское соглашение для сайта фарм компаний,Все регионы,mixed
популярные сайты,популярные сайты для записи к врачам,Все регионы,mixed
профрешение оборудование,профрешение оборудование для салонов красоты официальный сайт,Все регионы,mixed
ресторация мебель,ресторация мебель для ресторанов официальный сайт,Все регионы,mixed
сайт автозапчастей,сайт автозапчастей для иномарок недорого с доставкой,Все регионы,commercial
сайт отслеживания,сайт для отслеживания очереди в детский сад,Все регионы,mixed
сайт продвижения,сайт для продвижения услуг компании,Все регионы,mixed
сайт запчастей,сайт запчастей для автомобилей спб быстрая доставка,Все регионы,geo
сайты выставления,сайты для выставления услуг,Все регионы,mixed
сайты поиска,сайты для поиска интим услуг,Все регионы,mixed
сайты ресторанов,сайты для ресторанов банкетные,Все регионы,mixed
создать сайт,создать сайт для агентства недвижимости,Все регионы,mixed
юрист людей,юрист для людей официальный сайт телефон,Все регионы,mixed
вступительный текст,вступительный текст детского сада для сайта,Все регионы,mixed
информация юристе,информация о юристе для сайта образец,Все регионы,mixed
карусель мебель,карусель мебель для детских садов официальный сайт,Все регионы,mixed
копилка доу,копилка доу сайт для воспитателей детских садов,Все регионы,mixed
медицинские сайты,медицинские сайты для врачей и пациентов,Все регионы,mixed
новость сайта,новость для сайта детского сада о лете,Все регионы,mixed
политика возврата,политика возврата для сайта интернет магазина одежды,Все регионы,mixed
сайт записи,сайт для записи к врачу глинищево,Все регионы,mixed
сайт записи,сайт для записи к врачу ижевск,Все регионы,mixed
сайт мэри,сайт мэри плойки оборудование для детского сада,Все регионы,mixed
сайты поиска,сайты для поиска узбекских секс услуг,Все регионы,mixed
сколько стоит,сколько стоит сайт для крупной компании,Все регионы,informational
стоматология вас,стоматология для вас набережные челны официальный сайт,Все регионы,mixed
стриж сайт,стриж сайт для юристов,Все регионы,mixed
юрист людей,юрист для людей официальный сайт пенза,Все регионы,mixed
open evidence,open evidence для врачей сайт,Все регионы,mixed
бобры сайты,бобры сайты для строительных компаний,Все регионы,mixed
верхние лихоборы,верхние лихоборы мебель для детского сада сайт,Все регионы,mixed
готовый сайт,готовый сайт для реализации интернет магазина,Все регионы,mixed
заказать сайт,заказать сайт для компании под ключ,Все регионы,commercial
сделать сайт,как сделать сайт для продажи услуг,Все регионы,informational
кафе вас,кафе для вас ижевск официальный сайт,Все регионы,mixed
компания красноярск,компания кв красноярск сайт комплектующие для окон,Все регионы,mixed
ленави мебель,ленави мебель для детских садов официальный сайт,Все регионы,mixed
лучший сайт,лучший сайт для бронирования отелей в абхазии,Все регионы,mixed
лучший сайт,лучший сайт для нужд отеля,Все регионы,mixed
окт макулы,окт макулы сайт для врача,Все регионы,mixed
педпортал сайт,педпортал сайт для воспитателей детских садов,Все регионы,mixed
полезные сайты,полезные сайты для воспитателей детских садов,Все регионы,mixed
разработка сайта,разработка сайта для врача,Все регионы,mixed
регистрация сайте,регистрация на сайте спроси врача для врачей,Все регионы,mixed
сайт апрель,сайт апрель для воспитателей детских садов,Все регионы,mixed
сайт битрикс,сайт битрикс используют ли компании для x5клуб,Все регионы,mixed
сайт записи,сайт для записи к врачу ярославль,Все регионы,mixed
сайт знакомств,сайт знакомств для юристов,Все регионы,mixed
сайт мобильное,сайт и мобильное приложение для доставки пиццы,Все регионы,mixed
сайт мелодинка,сайт мелодинка для муз руководителей детского сада,Все регионы,mixed
сайт уличным,сайт с уличным оборудованием для детского сада,Все регионы,mixed
сайты бронирования,сайты для бронирования отелей в нячанге,Все регионы,mixed
сайты поиска,сайты для поиска оказанию услуг,Все регионы,mixed
сайты рекламы,сайты для рекламы услуг бесплатные,Все регионы,mixed
стоимость создания,стоимость создания сайта для фитнес клуба,Все регионы,commercial
стоматология всей,стоматология для всей семьи туапсе официальный сайт,Все регионы,mixed
юрист людей,юрист для людей оиск официальный сайт,Все регионы,mixed
mam сайт,mam ru сайт для воспитателей детских садов,Все регионы,mixed
сайты поиска,сайты для поиска сексуальных услуг,Все регионы,mixed
