cluster,intent,keywords_count,total_frequency,top_keyword,regions
сайт брони,mixed,2,20277,сайт для брони кубинских отелей,Все регионы
официальный сайт,mixed,18,14759,официальный сайт интернет магазина для,Все регионы
сайт интернет,mixed,16,14740,сайт для интернет магазина,Все регионы
сайт школы,mixed,25,12631,сайт для школы,Все регионы
сайт бизнеса,mixed,14,8132,сайт для бизнеса,Все регионы
сайт компании,mixed,7,7753,сайт для компании,Все регионы
сайт услуг,mixed,10,6718,сайт для услуг,Все регионы
сайт врачей,mixed,9,5175,сайт для врачей,Все регионы
сайты отелей,mixed,1,4021,сайты для отелей,Все регионы
сайт детского,mixed,4,4019,сайт для детского сада,Все регионы
сайты бронирования,mixed,11,2853,сайты для бронирования отелей,Все регионы
сайты доставок,mixed,1,2774,сайты для доставок,Все регионы
сайт записи,mixed,22,2137,сайт для записи к врачу,Все регионы
создать сайт,mixed,30,1898,создать сайт для бизнеса,Все регионы
официальные сайты,mixed,3,1868,официальные сайты для врачей,Все регионы
каталог товаров,mixed,1,1863,каталог товаров для интернет магазина сайта,Все регионы
купить сайт,commercial,8,1693,купить сайт для интернет магазина,Все регионы
сайты производство,mixed,1,1627,сайты для производство,Все регионы
сайт доставки,mixed,18,1627,сайт для доставки еды,Все регионы
валберис интернет,mixed,2,1554,валберис интернет магазин официальный сайт для,Все регионы
сайты ресторанов,mixed,2,1514,сайты для ресторанов,Все регионы
интернет магазин,mixed,18,1514,интернет магазин запчастей для сайта,Все регионы
вайлдберриз интернет,mixed,2,1352,вайлдберриз интернет магазин официальный сайт для,Все регионы
сайты интернет,mixed,9,1254,сайты интернет магазинов для дома,Все регионы
сайты юристов,mixed,4,1239,сайты для юристов,Все регионы
сайт клиники,mixed,3,1166,сайт для клиники,Все регионы
сайт воспитателей,mixed,1,1125,сайт для воспитателей детских садов,Все регионы
оборудование автосервиса,mixed,3,1125,оборудование для автосервиса сайт,Все регионы
бизнес сайты,mixed,2,1030,бизнес сайты для малого бизнеса,Все регионы
сайт сбербанка,mixed,3,1026,сайт сбербанка для бизнеса,Все регионы
сайты школы,mixed,10,1022,сайты для школы дистанционно,Все регионы
сайт онлайн,mixed,4,997,сайт для онлайн школы,Все регионы
лучшие сайты,mixed,10,996,лучшие сайты для отелей,Все регионы
сайт класса,mixed,1,941,сайт для класса школы,Все регионы
какой сайт,mixed,7,916,какой сайт для услуг,Все регионы
сайт автосервиса,mixed,1,911,сайт для автосервиса,Все регионы
сайт стоматологии,mixed,3,833,сайт для стоматологии,Все регионы
создание сайта,mixed,9,832,создание сайта для бизнеса,Все регионы
информация сайта,mixed,3,806,информация для сайта школы,Все регионы
сайты поиска,mixed,14,768,сайты для поиска компаний,Все регионы
разработка сайта,mixed,14,740,разработка сайта для компании,Все регионы
сайты одежды,mixed,1,666,сайты одежды для интернет магазина,Все регионы
сделать сайт,mixed,12,650,сделать сайт для бизнеса,Все регионы
сайт отелей,mixed,3,644,сайт для отелей россии,Все регионы
конструктор сайтов,mixed,5,627,конструктор сайтов для интернет магазина,Все регионы
сбербанк бизнеса,mixed,2,590,сбербанк для бизнеса официальный сайт,Все регионы
сайт посуды,mixed,1,516,сайт посуды для ресторанов,Все регионы
сайт оказания,mixed,2,513,сайт для оказания услуг,Все регионы
сайты начальной,mixed,2,509,сайты для начальной школы,Все регионы
сайт детский,mixed,3,507,сайт детский сад для детей,Все регионы
сайты оплаты,mixed,2,502,сайты для оплаты услуг,Все регионы
сайты рекламы,mixed,4,499,сайты для рекламы услуг,Все регионы
посуда ресторанов,mixed,1,493,посуда для ресторанов официальный сайт,Все регионы
интернист сайт,mixed,4,491,интернист сайт для врачей,Все регионы
сайтов кафе,mixed,1,490,для сайтов кафе,Все регионы
нужен сайт,mixed,5,490,для нужен сайт школы,Все регионы
сайт поиска,mixed,8,486,сайт для поиска отелей,Все регионы
сайт салона,mixed,1,456,сайт для салона красоты,Все регионы
корпоративный сайт,mixed,3,426,корпоративный сайт для компании,Все регионы
сайт страховой,mixed,1,407,сайт для страховой компании,Все регионы
сайты размещения,mixed,2,404,сайты для размещения услуг,Все регионы
компании создания,mixed,1,403,компании для создания сайтов,Все регионы
веб сайта,mixed,1,395,веб сайта для компании,Все регионы
бесплатный сайт,mixed,2,385,бесплатный сайт для бизнеса,Все регионы
фото сайта,mixed,4,381,фото для сайта интернет магазина,Все регионы
сайт воспитатель,mixed,1,374,сайт воспитатель ру для воспитателей детского сада,Все регионы
лучший сайт,mixed,6,370,лучший сайт для интернет магазина,Все регионы
сайта учителей,mixed,1,365,сайта для учителей школ,Все регионы
сайт начинающих,mixed,1,364,сайт для начинающих бизнес,Все регионы
сайт банка,mixed,1,363,сайт банка бизнес для бизнеса,Все регионы
сайт начала,mixed,1,360,сайт для начала бизнеса,Все регионы
мебель детского,mixed,2,357,мебель для детского сада официальный сайт,Все регионы
мам сайт,mixed,2,350,мам ру сайт для воспитателей детских садов,Все регионы
сайты образования,mixed,1,349,сайты для образования в школе,Все регионы
сайт документы,mixed,1,347,сайт документы для школ,Все регионы
рош позе,mixed,4,347,ля рош позе сайт для врачей,Все регионы
сайт выпускников,mixed,1,345,сайт для выпускников школ,Все регионы
сайт ростелеком,mixed,2,344,сайт ростелеком для бизнеса,Все регионы
яндекс сайт,mixed,1,342,яндекс сайт для бизнеса,Все регионы
сайт юрист,mixed,1,338,сайт юрист для людей,Все регионы
сайт осужденных,mixed,1,333,сайт для осужденных интернет магазин,Все регионы
новость сайта,mixed,3,328,новость для сайта детского сада,Все регионы
калужское интернет,mixed,1,327,калужское интернет магазин для осужденных официальный сайт,Все регионы
медицинский сайт,mixed,4,327,медицинский сайт для врачей,Все регионы
сайты бизнеса,mixed,5,327,сайты для бизнеса онлайн,Все регионы
образовательные сайты,mixed,3,326,образовательные сайты для школы,Все регионы
маам сайт,mixed,2,325,маам сайт для воспитателей детских садов,Все регионы
заказать сайт,commercial,7,325,заказать сайт для доставки,Все регионы
проект сайт,mixed,2,323,проект сайт для бизнеса,Все регионы
рестинтернейшен посуда,mixed,1,318,рестинтернейшен посуда для ресторана официальный сайт,Все регионы
сайт поступления,mixed,1,317,сайт для поступления в школу,Все регионы
сайт игрушки,mixed,1,317,сайт игрушки для детских садов,Все регионы
сайт интернете,mixed,1,313,сайт в интернете для компании,Все регионы
сайт мебель,mixed,1,311,сайт мебель для детских садов,Все регионы
открыть сайт,mixed,2,309,открыть сайт для бизнеса,Все регионы
игрушки детских,mixed,1,307,игрушки для детских садов официальный сайт,Все регионы
сайт стендов,mixed,1,306,сайт стендов для школы,Все регионы
юрист людей,mixed,4,305,юрист для людей официальный сайт,Все регионы
продажа сайтов,mixed,1,304,продажа сайтов для интернет магазинов,Все регионы
сайт оборудование,mixed,3,303,сайт оборудование для ресторана,Все регионы
бесплатные сайты,mixed,2,302,бесплатные сайты для услуг,Все регионы
клен оборудование,mixed,2,298,клен оборудование для ресторана сайт,Все регионы
разработка сайтов,mixed,3,296,разработка сайтов для бизнеса,Все регионы
рош сайт,mixed,1,295,ля рош сайт для врачей,Все регионы
школа родителей,mixed,1,295,школа для родителей сайт,Все регионы
заказ сайта,mixed,1,289,заказ сайта для интернет магазина,Все регионы
бесплатный интернет,mixed,1,287,бесплатный интернет магазин для сайта,Все регионы
открыт сайт,mixed,1,287,открыт сайт для бизнеса,Все регионы
создадим сайт,mixed,1,287,создадим сайт для компаний,Все регионы
стенды школы,mixed,1,285,стенды для школы официальный сайт,Все регионы
калипсо стенды,mixed,1,277,калипсо стенды для школы официальный сайт,Все регионы
анализ сайтов,mixed,1,274,анализ сайтов для бизнеса,Все регионы
готовый сайт,mixed,7,274,готовый сайт для интернет магазина,Все регионы
сайт управляющей,mixed,1,273,сайт для управляющей компании,Все регионы
нордберг оборудование,mixed,2,273,нордберг оборудование для автосервиса официальный сайт,Все регионы
новый сайт,mixed,2,272,новый сайт для бизнеса,Все регионы
веб сайты,mixed,1,271,веб сайты для бизнеса,Все регионы
сайт сотрудников,mixed,1,266,сайт для сотрудников компании,Все регионы
банк бизнес,mixed,1,265,банк бизнес для бизнеса официальный сайт,Все регионы
интернет магазины,mixed,1,261,интернет магазины сайты для волос,Все регионы
сайт школа,mixed,3,261,сайт школа для слабовидящих,Все регионы
ростелеком официальный,mixed,3,260,ростелеком официальный сайт для бизнеса,Все регионы
волос официальный,mixed,1,254,для волос официальный сайт интернет магазин,Все регионы
мос услуги,commercial,1,245,мос ру услуги для граждан официальный сайт,Все регионы
сайт юридических,mixed,2,227,сайт для юридических услуг,Все регионы
сайт группы,mixed,2,227,сайт для группы детского сада,Все регионы
темы сайта,mixed,2,224,темы для сайта детского сада,Все регионы
сайты продажи,mixed,3,220,сайты для продажи бизнеса,Все регионы
сайт бронирования,mixed,7,218,сайт для бронирования отелей за границей,Все регионы
сайт приложение,mixed,3,218,сайт приложение для доставки,Все регионы
материалы сайта,mixed,2,216,материалы для сайта школы,Все регионы
спб сайт,geo,2,216,спб сайт для интернет магазина,Все регионы
статьи сайта,mixed,2,211,статьи для сайта детского сада,Все регионы
сайт проверки,mixed,4,209,сайт для проверки компаний,Все регионы
сайт оборудования,mixed,2,209,сайт оборудования для производства,Все регионы
дизайн сайта,mixed,4,208,дизайн сайта для компании,Все регионы
оборудование ресторанов,mixed,1,205,оборудование для ресторанов официальный сайт,Все регионы
информация компании,mixed,1,203,информация о компании для сайта,Все регионы
сайты педагогов,mixed,2,198,сайты для педагогов школ,Все регионы
сайты бизнес,mixed,2,194,сайты для бизнес процессов,Все регионы
стоматология всех,mixed,4,193,стоматология для всех официальный сайт,Все регионы
сайты продвижения,mixed,1,189,сайты для продвижения услуг,Все регионы
роше официальный,mixed,1,188,ля роше официальный сайт для врачей,Все регионы
подготовка школы,mixed,1,187,подготовка для школы сайты,Все регионы
сайт строительных,mixed,1,186,сайт для строительных компаний,Все регионы
товары дома,mixed,1,186,товары для дома интернет магазины сайты,Все регионы
сайт создания,mixed,3,184,сайт для создания услуг,Все регионы
сайт положения,mixed,1,177,сайт положения для школы,Все регионы
сайты учащихся,mixed,2,177,сайты для учащихся школы,Все регионы
ооо бизнес,mixed,2,175,ооо бизнес для бизнеса сайт,Все регионы
сайты заказа,mixed,1,174,сайты для заказа услуг,Все регионы
сайт размещения,mixed,3,174,сайт для размещения компании,Все регионы
one two,mixed,1,172,one two trip официальный сайт для бизнеса,Все регионы
сайт запчасти,mixed,1,171,сайт запчасти для иномарок интернет магазин,Все регионы
тексты сайта,mixed,1,170,тексты для сайта компании,Все регионы
сайты автозапчастей,mixed,1,165,сайты автозапчастей для иномарок интернет магазин,Все регионы
сайты объявлений,mixed,2,164,сайты для объявлений услуг,Все регионы
сайт коммунальных,mixed,1,163,сайт для коммунальных услуг,Все регионы
сайт оплаты,mixed,3,163,сайт для оплаты коммунальных услуг,Все регионы
солидарность жизни,mixed,2,162,солидарность для жизни страховая компания официальный сайт,Все регионы
логотипы компаний,mixed,1,160,логотипы компаний для сайта,Все регионы
сколько стоит,informational,6,158,сколько стоит сайт для интернет магазина,Все регионы
использование сайтов,mixed,1,155,использование сайтов для компании,Все регионы
охрана труда,mixed,1,153,охрана труда для сайта школы,Все регионы
сайты россии,mixed,1,153,сайты россии для бизнеса,Все регионы
доставка еды,mixed,1,152,доставка еды для фуршетов официальный сайт,Все регионы
костис доставка,mixed,1,152,костис доставка еды для фуршетов официальный сайт,Все регионы
сайты товаров,mixed,1,152,сайты товаров для бизнеса,Все регионы
сайты брони,mixed,2,151,сайты для брони отелей,Все регионы
готовые сайты,mixed,4,150,готовые сайты для бизнеса,Все регионы
доктор работе,mixed,2,148,доктор на работе официальный сайт для врачей,Все регионы
сайт сундучок,mixed,1,145,сайт сундучок для воспитателей детских садов,Все регионы
сайт услуги,commercial,1,145,сайт услуги для бизнеса,Все регионы
сайт охрана,mixed,1,144,сайт охрана труда положения для школы,Все регионы
описание компании,mixed,1,138,описание компании для сайта,Все регионы
школа одаренных,mixed,2,138,школа для одаренных детей официальный сайт,Все регионы
написать сайт,mixed,2,138,написать сайт для компании,Все регионы
сайт предпринимателей,mixed,1,137,сайт для предпринимателей малого бизнеса,Все регионы
сайт мебели,mixed,2,136,сайт мебели для школ,Все регионы
альфа банк,mixed,2,135,альфа банк сайт для бизнеса,Все регионы
сайт сферы,mixed,1,134,сайт для сферы услуг,Все регионы
сайт электронной,mixed,1,134,сайт для электронной школы,Все регионы
топ сайтов,mixed,4,134,топ сайтов для отелей,Все регионы
сайт финансовых,mixed,1,132,сайт для финансовых услуг,Все регионы
сайты маникюра,mixed,1,132,сайты для маникюра интернет магазин,Все регионы
сайт регистрации,mixed,3,130,сайт для регистрации бизнеса,Все регионы
сайты заказчиков,mixed,1,129,сайты для заказчиков услуг,Все регионы
статья сайта,mixed,2,129,статья для сайта школы,Все регионы
сайт агентства,mixed,1,128,сайт для агентства недвижимости,Все регионы
сайты юридических,mixed,1,128,сайты для юридических компаний,Все регионы
сайт визитка,mixed,3,128,сайт визитка для компании,Все регионы
беккер интернет,mixed,1,127,беккер интернет магазин для садоводов официальный сайт,Все регионы
личный кабинет,mixed,1,127,личный кабинет для сайта услуг,Все регионы
сайт беккер,mixed,1,127,сайт беккер интернет магазин для садоводов,Все регионы
сайт поликлиники,mixed,1,127,сайт поликлиники для записи к врачу,Все регионы
оплата доставка,mixed,1,126,оплата и доставка для сайта,Все регионы
сайт вашего,mixed,1,126,сайт для вашего бизнеса,Все регионы
сайты исполнителей,mixed,1,124,сайты для исполнителей услуг,Все регионы
сайт транспортной,mixed,1,123,сайт для транспортной компании,Все регионы
сайты учителей,mixed,1,123,сайты для учителей начальной школы,Все регионы
ученик сайт,mixed,1,123,ученик сайт для школы,Все регионы
сайт аккредитации,mixed,2,123,сайт для аккредитации врачей,Все регионы
сайт выбора,mixed,2,123,сайт для выбора бизнеса,Все регионы
сайты владельцев,mixed,1,121,сайты для владельцев бизнеса,Все регионы
новости сайта,mixed,2,121,новости для сайта компании,Все регионы
техносоюз оборудование,mixed,2,120,техносоюз оборудование для автосервиса сайт,Все регионы
яндекс сайта,mixed,1,119,яндекс для сайта интернет магазин,Все регионы
собак интернет,mixed,1,117,для собак интернет магазин официальный сайт,Все регионы
яндекс доставка,mixed,1,117,яндекс доставка для сайта,Все регионы
сайты анализа,mixed,1,116,сайты для анализа компаний,Все регионы
кафе официальный,mixed,1,115,для кафе официальный сайт,Все регионы
сайт ламода,mixed,2,115,сайт ламода интернет магазин для женщин,Все регионы
мебель бизнеса,mixed,3,115,мебель для бизнеса сайт,Все регионы
официальный медицинский,mixed,1,114,официальный медицинский сайт для врачей,Все регионы
юридические сайты,mixed,1,114,юридические сайты для юристов,Все регионы
решения бизнеса,mixed,1,113,решения для бизнеса сайты,Все регионы
сайты врачей,mixed,2,112,сайты для врачей терапевтов,Все регионы
мобильный сайт,mixed,1,111,мобильный сайт для бизнеса,Все регионы
задания школы,mixed,1,110,задания для школы сайт школы,Все регионы
бизнес видео,mixed,1,109,бизнес видео для сайта,Все регионы
сайты регистрации,mixed,1,109,сайты для регистрации компании,Все регионы
авиасейлс официальный,mixed,1,108,авиасейлс официальный сайт для бизнеса,Все регионы
ван трип,mixed,1,108,ван ту трип для бизнеса официальный сайт,Все регионы
сайт продвижения,mixed,2,108,сайт для продвижения компании,Все регионы
гленфилд официальный,mixed,1,107,гленфилд официальный сайт интернет магазин для женщин,Все регионы
комплекс бар,mixed,1,106,комплекс бар посуда для ресторанов официальный сайт,Все регионы
сайт юриста,mixed,2,105,сайт для юриста создать бесплатный,Все регионы
лореаль сайт,mixed,1,104,лореаль сайт для врачей,Все регионы
сайт втб,mixed,1,102,сайт втб для бизнеса,Все регионы
сайт групп,mixed,1,102,сайт для групп компаний,Все регионы
название компании,mixed,1,101,название компании для сайта,Все регионы
сайт школ,mixed,2,101,сайт для школ искусств,Все регионы
конструктор сайта,mixed,4,101,конструктор сайта для детского сада,Все регионы
сбер бизнес,mixed,1,100,сбер бизнес сайт для бизнеса,Все регионы
петербург сайт,mixed,1,99,петербург сайт для интернет магазина,Все регионы
детский сад,mixed,1,97,детский сад описание для сайта,Все регионы
ванн интернет,mixed,1,97,для ванн интернет магазин сайт,Все регионы
школы сайт,mixed,1,97,для школы сайт ру,Все регионы
сайт студента,mixed,1,97,сайт для студента юриста,Все регионы
сайты руководителей,mixed,1,97,сайты для руководителей компаний,Все регионы
сайты программ,mixed,1,97,сайты программ для бизнеса,Все регионы
сайт просмотра,mixed,3,97,сайт для просмотра компанией,Все регионы
сайт медицинской,mixed,1,96,сайт для медицинской клиники,Все регионы
требования сайта,mixed,1,96,требования для сайта школы,Все регионы
сайт альфа,mixed,1,95,сайт для альфа бизнес,Все регионы
бизнес модель,mixed,1,94,бизнес модель для сайта,Все регионы
описание услуги,commercial,1,93,описание услуги для сайта,Все регионы
сайты скидок,mixed,2,93,сайты скидок для интернет магазинов,Все регионы
пост сайта,mixed,1,92,пост для сайта детского сада,Все регионы
сайт детской,mixed,1,92,сайт для детской школы,Все регионы
сайт ногтей,mixed,1,92,сайт для ногтей интернет магазин,Все регионы
сайт дешевых,mixed,1,91,сайт для дешевых отелей,Все регионы
сайт компаний,mixed,1,91,сайт для ит компаний,Все регионы
сайт развития,mixed,1,91,сайт для развития бизнеса,Все регионы
фис фрдо,mixed,1,91,фис фрдо официальный сайт для школ,Все регионы
озон доставка,mixed,2,91,озон доставка для сайта,Все регионы
дерматолоджи официальный,mixed,1,90,дерматолоджи ру официальный сайт для врачей,Все регионы
сайт личного,mixed,1,90,сайт для личного бизнеса,Все регионы
сайты школ,mixed,2,90,сайты для школ платформы,Все регионы
закажите сайт,mixed,1,89,закажите сайт для интернет магазина,Все регионы
разработка веб,mixed,2,89,разработка веб сайтов для бизнеса,Все регионы
создание сайтов,mixed,3,88,создание сайтов для автосервиса,Все регионы
сайт система,mixed,1,87,сайт и система управления для управляющих компаний,Все регионы
сайт метро,mixed,1,87,сайт метро для бизнеса,Все регионы
сайт платья,mixed,1,87,сайт платья интернет магазин для женщин,Все регионы
математика школы,mixed,1,86,математика для школы сайт,Все регионы
тип сайта,mixed,1,86,тип сайта для компании,Все регионы
сайт косметики,mixed,2,86,сайт косметики интернет магазин для,Все регионы
карта доставки,mixed,1,85,карта доставки для сайта,Все регионы
кафе ресторана,mixed,1,84,кафе для ресторана сайт,Все регионы
рекламные компании,mixed,1,84,рекламные компании для сайта,Все регионы
врачи сайт,mixed,1,83,врачи рф сайт для врачей,Все регионы
сайты пищевых,mixed,1,82,сайты для пищевых производств,Все регионы
интернет магазинов,mixed,1,81,для интернет магазинов оплаты сайты,Все регионы
лучшие конструкторы,mixed,1,81,лучшие конструкторы сайтов для интернет магазинов,Все регионы
сайты оценки,mixed,1,81,сайты для оценки компании,Все регионы
про школу,mixed,2,81,про школу сайт для учителей,Все регионы
покупка сайта,mixed,1,80,покупка сайта для интернет магазина,Все регионы
картинки сайта,mixed,1,79,картинки для сайта бизнеса,Все регионы
сайты консультации,mixed,1,79,сайты для консультации врачей,Все регионы
полезные сайты,mixed,3,79,полезные сайты для школы,Все регионы
популярные сайты,mixed,3,79,популярные сайты для бронирования отелей,Все регионы
медицина сайты,mixed,1,78,медицина сайты для врачей,Все регионы
картинка сайта,mixed,1,77,картинка для сайта школы,Все регионы
сайт выполнения,mixed,1,77,сайт для выполнения услуг,Все регионы
услуги хостинга,commercial,1,77,услуги хостинга для сайта,Все регионы
дополнительные услуги,commercial,1,76,дополнительные услуги для сайта,Все регионы
сайт покупки,mixed,3,76,сайт для покупки бизнеса,Все регионы
лидер детского,mixed,1,75,лидер для детского сада официальный сайт,Все регионы
мэдисон оборудование,mixed,1,75,мэдисон оборудование для салонов красоты официальный сайт,Все регионы
сайт официальных,mixed,1,75,сайт 5 официальных для школы,Все регионы
сайт лидер,mixed,1,75,сайт лидер мебель для детского сада,Все регионы
сайты коррекционных,mixed,1,75,сайты для коррекционных школ,Все регионы
информация родителей,mixed,1,74,информация для родителей сайт школы,Все регионы
сайт фитнес,mixed,1,74,сайт для фитнес клуба,Все регионы
сделать школу,mixed,1,73,сделать школу для сайта,Все регионы
функции сайта,mixed,1,73,функции сайта для компании,Все регионы
карта сайта,mixed,1,72,карта сайта для интернет магазина,Все регионы
сайт директора,mixed,1,71,сайт для директора школы,Все регионы
китайский сайт,mixed,2,71,китайский сайт для доставки,Все регионы
сайт радуга,mixed,1,69,сайт радуга мебель для детских садов,Все регионы
юрист народа,mixed,1,69,юрист для народа сайт,Все регионы
сайт заявок,commercial,1,68,сайт для заявок на услуги,Все регионы
тема сайта,mixed,1,68,тема для сайта бизнес,Все регионы
сайт ресторана,commercial,2,68,сайт для ресторана цена,Все регионы
дизайн услуги,commercial,1,67,дизайн услуги для сайта,Все регионы
сайт вопросов,mixed,1,67,сайт для вопросов врачам,Все регионы
сайт зачисления,mixed,1,67,сайт для зачисления в школу,Все регионы
сайт предложения,mixed,1,67,сайт для предложения своих услуг,Все регионы
кафе друзей,mixed,3,67,кафе для друзей сайт,Все регионы
сайт музыкальной,mixed,1,66,сайт для музыкальной школы,Все регионы
сайт отеля,commercial,3,66,сайт для отеля заказать,Все регионы
портал сайта,mixed,1,65,портал для сайта школы,Все регионы
сайт производства,mixed,1,65,сайт для производства мебели,Все регионы
маррусия продукты,mixed,1,64,маррусия продукты для ресторанов официальный сайт,Все регионы
название сайта,mixed,1,64,название для сайта услуг,Все регионы
сайт заказ,mixed,1,64,сайт на заказ для компаний,Все регионы
сайт продаж,mixed,1,64,сайт продаж для производства,Все регионы
сайты отзывов,mixed,1,63,сайты для отзывов о компаниях,Все регионы
школа интернат,mixed,1,63,школа интернат для слабовидящих официальный сайт,Все регионы
онлайн школа,mixed,1,62,онлайн школа умскул официальный сайт для подготовки,Все регионы
сайты интим,mixed,1,62,сайты для интим услуг,Все регионы
втб официальный,mixed,1,60,втб официальный сайт для бизнеса,Все регионы
продвижения сайтов,mixed,1,60,продвижения сайтов для бизнеса,Все регионы
сайт налоговой,mixed,1,60,сайт налоговой для бизнеса,Все регионы
мебель школы,mixed,1,59,мебель для школы официальный сайт,Все регионы
чего нужен,mixed,1,57,для чего нужен сайт компании,Все регионы
норберг оборудование,mixed,1,57,норберг оборудование для автосервиса официальный сайт,Все регионы
госвеб сайт,mixed,1,56,госвеб сайт для школы,Все регионы
сайт взрослых,mixed,1,56,сайт для взрослых школа,Все регионы
сайт детей,mixed,1,56,сайт для детей интернет магазин,Все регионы
сайты необходимые,mixed,1,56,сайты необходимые для школы,Все регионы
условия доставки,mixed,1,56,условия доставки для сайта,Все регионы
бронирование отелей,mixed,1,55,бронирование отелей за границей для россиян сайты,Все регионы
сайт спортивной,mixed,1,55,сайт для спортивной школы,Все регионы
сайт меню,mixed,2,55,сайт для меню ресторана,Все регионы
парикмахеров официальный,mixed,1,54,для парикмахеров официальный сайт интернет магазин,Все регионы
наличие сайта,mixed,1,54,наличие сайта для компании,Все регионы
разработка создания,mixed,1,54,разработка создания сайтов для бизнеса,Все регионы
регистрация сайта,mixed,1,54,регистрация для сайта школы,Все регионы
сайт организации,mixed,1,54,сайт для организации бизнеса,Все регионы
сайт корм,mixed,1,54,сайт корм для кошек интернет магазин,Все регионы
все отеля,mixed,1,53,все для отеля официальный сайт,Все регионы
корзина сайта,mixed,1,53,корзина для сайта интернет магазина,Все регионы
посты сайта,mixed,1,53,посты для сайта школы,Все регионы
озон банк,mixed,2,53,озон банк для бизнеса сайт,Все регионы
все школ,mixed,1,51,все для школ официальный сайт,Все регионы
сайт главных,mixed,1,51,сайт для главных врачей,Все регионы
сайты подачи,mixed,1,51,сайты для подачи услуг,Все регионы
услуги фото,commercial,1,51,услуги фото для сайта,Все регионы
доставка описание,mixed,1,50,доставка описание для сайта,Все регионы
одностраничный сайт,mixed,1,49,одностраничный сайт для услуг,Все регионы
описание школы,mixed,1,49,описание школы для сайта,Все регионы
сайт почты,mixed,1,49,сайт почты для доставки,Все регионы
сайты школа,mixed,1,49,сайты школа для глухих,Все регионы
сайт детских,mixed,2,49,сайт детских песен для детского сада,Все регионы
бизнес идеи,mixed,1,48,бизнес идеи для сайта,Все регионы
видео сайта,mixed,1,48,видео для сайта компании,Все регионы
делаем сайты,mixed,1,48,делаем сайты для бизнеса,Все регионы
педагог сайт,mixed,1,48,педагог сайт для воспитателей детских садов,Все регионы
поддержка сайт,mixed,1,48,поддержка сайт для бизнеса,Все регионы
сайт средней,mixed,1,48,сайт для средней школы,Все регионы
блок услуг,mixed,1,47,блок услуг для сайта,Все регионы
мед сайты,mixed,1,47,мед сайты для врачей,Все регионы
меню кафе,mixed,1,47,меню кафе для сайта,Все регионы
платформы сайта,mixed,1,47,платформы для сайта интернет магазина,Все регионы
преимущество компании,mixed,1,47,преимущество компании для сайта,Все регионы
русские магниты,mixed,1,47,русские магниты официальный сайт для начальной школы,Все регионы
сайты публикаций,mixed,1,47,сайты для публикаций детский сад,Все регионы
сайты услуг,mixed,1,47,сайты для услуг в москве,Все регионы
фото врачей,mixed,1,47,фото врачей для сайта,Все регионы
виды сайтов,mixed,1,46,виды сайтов для бизнеса,Все регионы
дизайн бизнес,mixed,1,46,дизайн для бизнес сайта,Все регионы
сайты рабочих,mixed,1,46,сайты рабочих программ для школ,Все регионы
услуга размещения,mixed,1,46,услуга для размещения сайта на сервере,Все регионы
сайт помощи,mixed,1,45,сайт для помощи бизнесу,Все регионы
банк официальный,mixed,1,45,т банк официальный сайт для бизнеса,Все регионы
эмс мебель,mixed,1,45,эмс мебель новошахтинск мебель для школы сайт,Все регионы
сайт отслеживания,mixed,2,45,сайт для отслеживания доставки,Все регионы
лдб сайт,mixed,1,44,лдб сайт для врачей,Все регионы
ресторан вас,mixed,1,44,ресторан для вас пенза официальный сайт,Все регионы
росквартал сайт,mixed,1,44,росквартал сайт для управляющих компаний,Все регионы
сайт бизнес,mixed,1,44,сайт для бизнес центра,Все регионы
сайт логистических,mixed,1,44,сайт для логистических компаний,Все регионы
хороший сайт,mixed,1,44,хороший сайт для школы,Все регионы
выгодные сайты,mixed,1,43,выгодные сайты для бронирования отелей,Все регионы
мааам сайт,mixed,1,43,мааам сайт для воспитателей детских садов,Все регионы
модель сайта,mixed,1,43,модель сайта для интернет магазина,Все регионы
раздел доставка,mixed,1,43,раздел доставка для сайта,Все регионы
сайт отзывов,mixed,1,43,сайт для отзывов отелей,Все регионы
сайт очереди,mixed,1,43,сайт для очереди в детский сад,Все регионы
arena магазин,mixed,1,43,arena магазин для плавания официальный сайт интернет,Все регионы
сайт оформления,mixed,2,43,сайт для оформления детского сада,Все регионы
начальная школа,mixed,1,42,начальная школа сайт для учителей начальных классов,Все регионы
озон бизнеса,mixed,1,42,озон для бизнеса сайт,Все регионы
сайт торговой,mixed,1,42,сайт для торговой компании,Все регионы
сайты государственных,mixed,1,42,сайты государственных органов для предоставления услуг,Все регионы
сайты учебников,mixed,1,42,сайты учебников для школы,Все регионы
современный сайт,mixed,1,42,современный сайт для бизнеса,Все регионы
школа милиции,mixed,1,42,школа милиции официальный сайт для девушек,Все регионы
яснополянская школа,mixed,1,42,яснополянская школа для одаренных детей официальный сайт,Все регионы
seo услуги,commercial,1,42,seo услуги для сайтов услуг,Все регионы
школа электрика,mixed,2,42,школа для электрика сайт,Все регионы
сайт хоспонлайн,mixed,2,42,сайт хоспонлайн для записи к врачу,Все регионы
кредит сайт,mixed,1,41,кредит сайт для бизнеса,Все регионы
трип бизнеса,mixed,1,41,он ту трип для бизнеса официальный сайт,Все регионы
программа автодилер,mixed,1,41,программа автодилер для автосервиса официальный сайт,Все регионы
разработка создание,mixed,1,41,разработка и создание сайта для компании,Все регионы
сайты компании,mixed,1,41,сайты для компании друзей,Все регионы
агат мебель,mixed,1,40,агат мебель для школы официальный сайт,Все регионы
история школы,mixed,1,40,история школы для сайта,Все регионы
пример сайта,informational,1,40,пример сайта для школы,Все регионы
расчет доставки,mixed,1,40,расчет доставки для сайтов,Все регионы
сайт стоматологической,mixed,1,40,сайт для стоматологической клиники,Все регионы
сайт сбербанк,mixed,1,40,сайт сбербанк онлайн для малого бизнеса,Все регионы
сайты нмо,mixed,1,40,сайты нмо для врачей,Все регионы
школа сайт,mixed,1,40,школа ру сайт для учителей,Все регионы
сайт сравнения,mixed,2,40,сайт для сравнения цен в интернет магазинах,Все регионы
ает оборудование,mixed,1,39,ает оборудование для автосервиса официальный сайт,Все регионы
правовые сайты,mixed,1,39,правовые сайты для юристов,Все регионы
сбербанк онлайн,mixed,1,39,сбербанк онлайн для бизнеса официальный сайт,Все регионы
педсовет сайт,mixed,1,38,педсовет сайт для воспитателей в детском саду,Все регионы
сайт службы,mixed,1,38,сайт для службы доставки,Все регионы
сайт фриланс,commercial,1,38,сайт для фриланс услуги,Все регионы
сайт стоматология,mixed,1,38,сайт стоматология для всех кострома,Все регионы
страница компании,mixed,1,38,страница о компании для сайта,Все регионы
типы сайтов,mixed,1,38,типы сайтов для бизнеса,Все регионы
профессиональные сайты,mixed,2,38,профессиональные сайты для бизнеса,Все регионы
сайтов рекламы,mixed,1,37,10 сайтов для рекламы услуг клинера,Все регионы
транспортная компания,mixed,1,37,для транспортная компания официальный сайт,Все регионы
интересные сайты,mixed,1,37,интересные сайты для школы,Все регионы
интернет сайт,mixed,1,37,интернет сайт для врачей,Все регионы
история компании,mixed,1,37,история компании для сайта,Все регионы
клиника неврология,mixed,1,37,клиника неврология для всех омск официальный сайт,Все регионы
мгинская школа,mixed,1,37,мгинская школа интернат для слабовидящих детей сайт,Все регионы
рекламные сайты,mixed,1,37,рекламные сайты для бизнеса,Все регионы
структура сайта,mixed,1,37,структура сайта для интернет магазина,Все регионы
агат липецк,mixed,1,36,агат липецк мебель для школы официальный сайт,Все регионы
продающие сайты,mixed,1,36,продающие сайты для бизнеса,Все регионы
сайт игр,mixed,1,36,сайт игр для компании онлайн,Все регионы
компании сайты,mixed,1,35,компании и сайты для google,Все регионы
сайт книг,mixed,1,35,сайт книг для школы,Все регионы
сайты бронированных,mixed,1,35,сайты для бронированных отелей,Все регионы
слова сайта,mixed,1,35,слова для сайта детского сада,Все регионы
услуги картинки,commercial,1,35,услуги картинки для сайта,Все регионы
втб банк,mixed,1,34,втб банк официальный сайт для бизнеса,Все регионы
код интернет,mixed,1,34,код интернет магазина для сайта,Все регионы
сайт аналитики,mixed,1,34,сайт для аналитики бизнеса,Все регионы
школа глухих,mixed,1,34,школа для глухих официальный сайт,Все регионы
айко ресторанов,mixed,2,34,айко для ресторанов сайт,Все регионы
компания старт,mixed,1,33,компания старт оборудование для автосервиса официальный сайт,Все регионы
мегафон сайт,mixed,1,33,мегафон сайт для бизнеса,Все регионы
производства сайта,mixed,1,33,производства сайта для интернет магазина,Все регионы
сайт интимных,mixed,1,33,сайт для интимных услуг,Все регионы
сайты программирования,mixed,1,33,сайты для программирования в школах,Все регионы
салют бизнеса,mixed,1,33,салют для бизнеса сайт,Все регионы
информация юриста,mixed,1,32,информация для юриста для сайта,Все регионы
сбербанк россии,mixed,1,32,сбербанк россии для малого бизнеса официальный сайт,Все регионы
ozon доставка,mixed,1,32,ozon доставка для сайта,Все регионы
доставка картинка,mixed,1,31,доставка картинка для сайта,Все регионы
клен официальный,mixed,1,31,клен официальный сайт оборудование для пищевых производств,Все регионы
онкологические сайты,mixed,1,31,онкологические сайты для врачей,Все регионы
посуда кафе,mixed,1,31,посуда для кафе и ресторанов сайт,Все регионы
турецкий сайт,mixed,1,31,турецкий сайт для бронирования отелей,Все регионы
услуги сайта,commercial,1,31,юр услуги для сайта,Все регионы
speedo интернет,mixed,1,31,speedo интернет магазин для плавания официальный сайт,Все регионы
сайт заказа,mixed,2,31,сайт для заказа отеля,Все регионы
бизнес чат,mixed,1,30,бизнес чат для сайта,Все регионы
инвесторы бизнеса,mixed,1,30,инвесторы для бизнеса сайт,Все регионы
картинки сайтов,mixed,1,30,картинки для сайтов детских садов,Все регионы
продающий сайт,mixed,1,30,продающий сайт для услуг,Все регионы
сайт бухгалтерской,mixed,1,30,сайт для бухгалтерской компании,Все регионы
сайт производственных,mixed,1,30,сайт для производственных компаний,Все регионы
сайты малого,mixed,1,30,сайты для малого и среднего бизнеса,Все регионы
тор моя,mixed,1,30,тор моя школа информация для сайта,Все регионы
чат сайта,mixed,1,30,чат для сайта услуг,Все регионы
создать бесплатный,mixed,2,30,создать бесплатный сайт для детского сада,Все регионы
документы сайта,mixed,1,29,документы для сайта интернет магазина,Все регионы
макс бизнеса,mixed,1,29,макс для бизнеса сайт,Все регионы
сайт собственного,mixed,1,29,сайт для собственного бизнеса,Все регионы
сайт эскорт,mixed,1,29,сайт для эскорт услуг,Все регионы
шеф сайт,mixed,1,29,шеф оф сайт оборудование для ресторанов,Все регионы
какой конструктор,mixed,1,28,какой конструктор сайта для интернет магазина,Все регионы
лореаль официальный,mixed,1,28,лореаль официальный сайт для врачей,Все регионы
сайт открытия,mixed,1,28,сайт для открытия бизнеса,Все регионы
сайт еды,mixed,1,28,сайт еды для ресторанов,Все регионы
сайт сбер,mixed,1,28,сайт сбер для малого бизнеса,Все регионы
сайты аналитики,mixed,1,28,сайты для аналитики компаний,Все регионы
сайты детей,mixed,1,28,сайты для детей начальной школы,Все регионы
требования сайту,mixed,1,28,требования к сайту ит компании для аккредитации,Все регионы
фон компании,mixed,1,28,фон для компании сайт,Все регионы
хостинги сайтов,mixed,1,28,хостинги сайтов для компаний,Все регионы
сайты оказания,mixed,2,28,сайты для оказания юридических услуг,Все регионы
государственные сайты,mixed,1,27,государственные сайты для бизнеса,Все регионы
забронируй сайт,mixed,1,27,забронируй сайт для отелей,Все регионы
медлок программа,mixed,1,27,медлок программа для стоматологии медицинская официальный сайт,Все регионы
сайт ведения,mixed,1,27,сайт для ведения бизнеса,Все регионы
сайт минздрава,mixed,1,27,сайт минздрава для врачей,Все регионы
сайт псб,mixed,1,27,сайт псб для бизнеса,Все регионы
сайты детского,mixed,1,27,сайты для детского сада музыкальные,Все регионы
фотографии сайта,mixed,1,27,фотографии для сайта компании,Все регионы
сайт оценок,mixed,1,26,сайт для оценок в школе,Все регионы
сайт подачи,mixed,1,26,сайт для подачи документов в школу,Все регионы
сайт работников,mixed,1,26,сайт для работников детского сада,Все регионы
сайт презентаций,mixed,1,26,сайт презентаций для школы,Все регионы
сайты промышленных,mixed,1,26,сайты для промышленных компаний,Все регионы
сайты доказательной,mixed,1,26,сайты доказательной медицины для врачей,Все регионы
школа диабетиков,mixed,1,26,школа для диабетиков 2 типа официальный сайт,Все регионы
сайт знакомств,mixed,2,26,сайт знакомств для врачей,Все регионы
баллы врачей,mixed,1,25,баллы для врачей сайт,Все регионы
бетховен интернет,mixed,1,25,бетховен интернет магазин для животных сайт,Все регионы
бизнес требования,mixed,1,25,бизнес требования для сайта,Все регионы
диамарка официальный,mixed,1,25,диамарка официальный сайт интернет магазин для диабетиков,Все регионы
сайт бухгалтерских,mixed,1,25,сайт для бухгалтерских услуг,Все регионы
сайты новорожденных,mixed,1,25,сайты для новорожденных интернет магазин,Все регионы
статья компании,mixed,1,25,статья о компании для сайта,Все регионы
гришко интернет,mixed,1,24,гришко интернет магазин для танцев официальный сайт,Все регионы
гришко сайт,mixed,1,24,гришко сайт интернет магазин для танцев,Все регионы
деваль официальный,mixed,1,24,деваль официальный сайт интернет магазин для парикмахеров,Все регионы
интернист официальный,mixed,1,24,интернист ру официальный сайт для врачей,Все регионы
сайт предоставления,mixed,1,24,сайт для предоставления своих услуг,Все регионы
сайт статей,mixed,1,24,сайт для статей врачам,Все регионы
цвета сайта,mixed,1,24,цвета для сайта компании,Все регионы
школа слепых,mixed,1,24,школа для слепых и слабовидящих сайт,Все регионы
roche posay,mixed,1,24,la roche posay сайт для врачей,Все регионы
адента программа,mixed,1,23,адента программа для стоматологии официальный сайт,Все регионы
копилка педагога,mixed,1,23,копилка педагога сайт для воспитателей детских садов,Все регионы
речь сайта,mixed,1,23,речь для сайта школы,Все регионы
сайт ветеринарной,mixed,1,23,сайт для ветеринарной клиники,Все регионы
сайт клининговой,mixed,1,23,сайт для клининговой компании,Все регионы
сайт подбора,mixed,1,23,сайт для подбора отелей,Все регионы
сайт частной,mixed,1,23,сайт для частной клиники,Все регионы
сайта интернет,commercial,1,23,сайта для интернет магазина под ключ,Все регионы
сайты знакомств,mixed,1,23,сайты знакомств для бизнеса,Все регионы
фоны сайта,mixed,1,23,фоны для сайта школа,Все регионы
фото бизнес,mixed,1,23,фото для бизнес сайта,Все регионы
вилена мебель,mixed,1,22,вилена мебель для детских садов официальный сайт,Все регионы
внутренний сайт,mixed,1,22,внутренний сайт компании для сотрудников,Все регионы
выдумщики официальный,mixed,1,22,выдумщики официальный сайт интернет магазин для мыловаров,Все регионы
лукойл бизнеса,mixed,1,22,лукойл для бизнеса официальный сайт,Все регионы
мегафон бизнеса,mixed,1,22,мегафон для бизнеса официальный сайт,Все регионы
медицина своих,mixed,1,22,медицина для своих тольятти официальный сайт врачи,Все регионы
модуль доставки,mixed,1,22,модуль доставки для сайта,Все регионы
сайт энергосбытовой,mixed,1,22,сайт для энергосбытовой компании,Все регионы
сайт объявлений,mixed,1,22,сайт объявлений для бизнеса,Все регионы
совкомбанк бизнеса,mixed,1,22,совкомбанк для бизнеса официальный сайт,Все регионы
яндекс банк,mixed,1,22,яндекс банк для бизнеса официальный сайт,Все регионы
атис оборудование,mixed,1,21,атис оборудование для автосервиса официальный сайт,Все регионы
дарз официальный,mixed,1,21,дарз официальный сайт подъемники для автосервиса,Все регионы
купить готовый,commercial,1,21,купить готовый сайт для интернет магазина,Все регионы
макет сайта,mixed,1,21,макет для сайта компании,Все регионы
мсп сайт,mixed,1,21,мсп сайт для бизнеса,Все регионы
про болезни,mixed,1,21,про болезни сайт для врачей,Все регионы
сайт кафе,commercial,1,21,сайт для кафе цена,Все регионы
сайт оптовой,mixed,1,21,сайт для оптовой компании,Все регионы
сайт руководителя,mixed,1,21,сайт для руководителя детского сада,Все регионы
сайты тестов,mixed,1,21,сайты тестов для школы,Все регионы
сбербизнес сайт,mixed,1,21,сбербизнес сайт для малого бизнеса,Все регионы
школа россии,mixed,1,21,школа россии сайт для учителей,Все регионы
заметки сайта,mixed,1,20,заметки для сайта детского сада,Все регионы
мтс сайт,mixed,1,20,мтс сайт для бизнеса,Все регионы
стоимость сайта,commercial,1,20,стоимость сайта для интернет магазина,Все регионы
фото доставки,mixed,1,20,фото доставки для сайта,Все регионы
школа английского,mixed,1,20,школа английского для детей сайт,Все регионы
гарант сайт,mixed,1,19,гарант сайт для юристов,Все регионы
девиз детского,mixed,1,19,девиз детского сада для сайта,Все регионы
мои глаза,mixed,1,19,мои глаза для бизнеса алкон официальный сайт,Все регионы
просвим интернет,mixed,1,19,просвим интернет магазин для плавания официальный сайт,Все регионы
сайт автоматизации,mixed,1,19,сайт для автоматизации бизнеса,Все регионы
сайт любого,mixed,1,19,сайт для любого бизнеса,Все регионы
сайт новогуровской,mixed,1,19,сайт новогуровской школы для обучающихся с овз,Все регионы
сайты стоматологии,mixed,1,19,сайты стоматологии для детей,Все регионы
девиз сайта,mixed,1,18,девиз для сайта воспитателя детского сада,Все регионы
доказательная медицина,mixed,1,18,доказательная медицина официальный сайт для врачей,Все регионы
калькулятор доставки,mixed,1,18,калькулятор доставки для сайта,Все регионы
медзнания официальный,mixed,1,18,медзнания официальный сайт для врачей,Все регионы
подиафарм официальный,mixed,1,18,подиафарм официальный сайт интернет магазин для педикюра,Все регионы
рейтинг сайтов,mixed,1,18,рейтинг сайтов для бронирования отелей,Все регионы
румерс посуда,mixed,1,18,румерс посуда для ресторанов официальный сайт,Все регионы
сайт секс,mixed,1,18,сайт для секс услуг,Все регионы
сайт фармацевтической,mixed,1,18,сайт для фармацевтической компании,Все регионы
сайт дошкольник,mixed,1,18,сайт дошкольник для воспитателей детского сада,Все регионы
сайт образования,mixed,1,18,сайт образования для врачей,Все регионы
сбер сайт,mixed,1,18,сбер сайт онлайн для бизнеса,Все регионы
услуги операторов,commercial,1,18,услуги операторов для сайтов,Все регионы
onetwotrip бизнеса,mixed,1,18,onetwotrip для бизнеса официальный сайт,Все регионы
ками станки,mixed,2,18,ками станки для производства мебели официальный сайт,Все регионы
аэрофлот бизнеса,mixed,1,17,аэрофлот для бизнеса официальный сайт,Все регионы
доставка текст,mixed,1,17,доставка текст для сайта,Все регионы
клен сайт,mixed,1,17,клен сайт посуды для ресторанов,Все регионы
образец сайта,mixed,1,17,образец сайта для школы,Все регионы
псб банк,mixed,1,17,псб банк официальный сайт для бизнеса,Все регионы
публикации сайта,mixed,1,17,публикации для сайта воспитателя детского сада,Все регионы
сайт семашко,mixed,1,17,сайт семашко для записи к врачу,Все регионы
сайт фссп,mixed,1,17,сайт фссп для проверки исполнительных производств,Все регионы
футбольная школа,mixed,1,17,футбольная школа краснодар для детей официальный сайт,Все регионы
школа девочек,mixed,1,17,школа для девочек секса видео сайт,Все регионы
гранд базар,mixed,1,16,гранд базар оборудование для ресторанов официальный сайт,Все регионы
сайт деньги,mixed,1,16,сайт деньги для бизнеса,Все регионы
сайт воскресной,mixed,1,16,сайт для воскресной школы,Все регионы
сайт товаров,mixed,1,16,сайт товаров для рукоделие интернет магазин,Все регионы
сайты музыкального,mixed,1,16,сайты для музыкального руководителя детского сада,Все регионы
самые популярные,mixed,1,16,самые популярные сайты для бронирования отелей,Все регионы
фриланс юриста,mixed,1,16,фриланс для юриста сайты,Все регионы
детство воспитателей,mixed,1,15,детство для воспитателей детских садов сайт,Все регионы
кленмаркет оборудование,mixed,1,15,кленмаркет оборудование для ресторанов официальный сайт,Все регионы
мини сайт,mixed,1,15,мини сайт для воспитателей детского сада,Все регионы
нмо врачей,mixed,1,15,нмо для врачей официальный сайт,Все регионы
оферта сайта,mixed,1,15,оферта для сайта оказание услуг,Все регионы
преимущества сайта,mixed,1,15,преимущества сайта для бизнеса,Все регионы
рефро оборудование,mixed,1,15,рефро ру оборудование для ресторанов официальный сайт,Все регионы
сайт вакансий,mixed,1,15,сайт вакансий для врачей,Все регионы
сайт благодарности,mixed,1,15,сайт для благодарности врачу,Все регионы
сайт малого,mixed,1,15,сайт для ип малого бизнеса,Все регионы
сайт упаковка,mixed,1,15,сайт упаковка для бизнеса,Все регионы
сайты айти,mixed,1,15,сайты для айти компаний,Все регионы
сайты полезные,mixed,1,15,сайты полезные для бизнеса,Все регионы
сайты социальных,mixed,1,15,сайты социальных сетей для бизнеса,Все регионы
яндекс команда,mixed,1,15,яндекс команда для бизнеса официальный сайт,Все регионы
imkosmetik интернет,mixed,1,15,imkosmetik интернет магазин для ногтей официальный сайт,Все регионы
llms txt,mixed,1,15,llms txt для сайта компании,Все регионы
аккредитация врачей,mixed,1,14,аккредитация для врачей официальный сайт,Все регионы
баннер сайта,mixed,1,14,баннер для сайта школы,Все регионы
время знаний,mixed,1,14,время знаний сайт для воспитателей детских садов,Все регионы
детство гид,mixed,1,14,детство гид сайт для воспитателей детских садов,Все регионы
касса сайта,mixed,1,14,касса для сайта интернет магазина,Все регионы
логистика бизнеса,mixed,1,14,логистика для бизнеса сайт,Все регионы
платформа создания,mixed,1,14,платформа для создания сайта интернет магазина,Все регионы
сайт ритуальных,mixed,1,14,сайт для ритуальных услуг,Все регионы
сайт юристов,mixed,1,14,сайт ии для юристов,Все регионы
сайты туристической,mixed,1,14,сайты для туристической компании,Все регионы
создам сайт,mixed,1,14,создам сайт для вашего бизнеса,Все регионы
аванта мебель,mixed,1,13,аванта мебель для стоматологии официальный сайт,Все регионы
виши сайт,mixed,1,13,виши сайт для врачей,Все регионы
идеальный сайт,mixed,1,13,идеальный сайт для управляющей компании,Все регионы
иконки сайта,mixed,1,13,иконки для сайта школы,Все регионы
какие есть,mixed,1,13,какие есть сайты для бронирования отелей,Все регионы
компания марс,mixed,1,13,компания марс корма для животных официальный сайт,Все регионы
отель друзей,mixed,1,13,отель для друзей санкт петербург официальный сайт,Все регионы
ростелеком сотрудников,mixed,1,13,ростелеком для сотрудников компании сайт,Все регионы
сайт приложения,mixed,1,13,сайт приложения для ресторана,Все регионы
сайт услугами,mixed,1,13,сайт с услугами для игр,Все регионы
сайты воспитателей,mixed,1,13,сайты для воспитателей школ,Все регионы
сайты начальных,mixed,1,13,сайты для начальных классов школа россии,Все регионы
сайты покупки,mixed,1,13,сайты для покупки робуксов с моментальной доставкой,Все регионы
сайты швейных,mixed,1,13,сайты для швейных производств,Все регионы
топ сайты,mixed,1,13,топ сайты для бизнеса,Все регионы
аптос официальный,mixed,1,12,аптос официальный сайт для врачей,Все регионы
бизнес правила,mixed,1,12,бизнес правила для сайта,Все регионы
генбанк официальный,mixed,1,12,генбанк официальный сайт интернет банк для бизнеса,Все регионы
врачей сайт,mixed,1,12,для врачей сайт личный кабинет,Все регионы
евросив оборудование,mixed,1,12,евросив оборудование для автосервиса официальный сайт,Все регионы
интерактивная разработка,mixed,1,12,интерактивная разработка сайтов для бизнеса,Все регионы
ода сервис,mixed,1,12,ода сервис официальный сайт оборудование для автосервиса,Все регионы
ревлон волос,mixed,1,12,ревлон для волос интернет магазин официальный сайт,Все регионы
сайт литературой,mixed,1,12,сайт с литературой для школы,Все регионы
сайт товары,mixed,1,12,сайт товары для школы,Все регионы
сайты обмена,mixed,1,12,сайты для обмена услугами,Все регионы
турецкие сайты,mixed,1,12,турецкие сайты для бронирования отелей в турции,Все регионы
школа зенит,geo,1,12,школа зенит для детей спб официальный сайт,Все регионы
создать свой,informational,1,11,как создать свой сайт для продажи услуг,Все регионы
клиника медицина,mixed,1,11,клиника медицина для своих тольятти официальный сайт,Все регионы
компания гейзер,mixed,1,11,компания гейзер фильтры для воды официальный сайт,Все регионы
маленькая школа,mixed,1,11,маленькая школа для маленьких челябинск официальный сайт,Все регионы
офиц сайт,mixed,1,11,офиц сайт сбербанка бизнес онлайн для юридических,Все регионы
памятки родителей,mixed,1,11,памятки для родителей на сайт школы,Все регионы
сайт врача,mixed,1,11,сайт для врача создать,Все регионы
сайт жалоб,mixed,1,11,сайт для жалоб на управляющую компанию,Все регионы
сайт тетрадей,mixed,1,11,сайт тетрадей для школы,Все регионы
сайты онлайн,mixed,1,11,сайты онлайн школ для детей,Все регионы
скайп бизнеса,mixed,1,11,скайп для бизнеса официальный сайт,Все регионы
узи сайт,mixed,1,11,узи сайт для врачей,Все регионы
школа сколково,mixed,1,11,школа в сколково для детей официальный сайт,Все регионы
зачем нужен,mixed,1,10,зачем нужен сайт для бизнеса,Все регионы
клатч программа,mixed,1,10,клатч программа для салонов красоты официальный сайт,Все регионы
клен посуда,mixed,1,10,клен посуда для ресторанов официальный сайт,Все регионы
логотип сайта,mixed,1,10,логотип для сайта школы,Все регионы
лярош косметика,mixed,1,10,лярош косметика официальный сайт для врач,Все регионы
миасс стоматология,mixed,1,10,миасс стоматология для всей семьи официальный сайт,Все регионы
мфти школа,mixed,1,10,мфти школа для школьников официальный сайт,Все регионы
примеры сайтов,informational,1,10,примеры сайтов для ресторана,Все регионы
сайт заданиями,mixed,1,10,сайт с заданиями для начальной школы,Все регионы
сайты просмотра,mixed,1,10,сайты для просмотра отелей,Все регионы
страница воспитателя,mixed,1,10,страница воспитателя детского сада для сайта,Все регионы
ворсма официальный,mixed,1,10,тд ворсма официальный сайт для детских садов,Все регионы
crm автосервиса,commercial,1,10,crm для автосервиса готовые сайты купить,Все регионы
альянс продукты,mixed,1,9,альянс м продукты для ресторанов официальный сайт,Все регионы
биодерма сайт,mixed,1,9,биодерма сайт для врачей,Все регионы
вероятность школе,mixed,1,9,вероятность в школе сайт для учителей,Все регионы
документы получения,mixed,1,9,документы для получения категории врача официальный сайт,Все регионы
изречения воспитателя,mixed,1,9,изречения воспитателя детского сада для сайта,Все регионы
ками сайт,mixed,1,9,ками сайт станки для производства мебели,Все регионы
картинки автосервиса,mixed,1,9,картинки автосервиса для сайта,Все регионы
нордберг официальный,mixed,1,9,нордберг официальный сайт цены оборудование для автосервиса,Все регионы
питерский сайт,mixed,1,9,питерский сайт для врачей,Все регионы
программа сайтов,mixed,1,9,программа для сайтов школ могилевской области,Все регионы
сайт гарант,mixed,1,9,сайт гарант заработок для юристов,Все регионы
сайт закрытой,mixed,1,9,сайт для закрытой школы,Все регионы
сайт кассиров,mixed,1,9,сайт для кассиров кафе готовый сайт,Все регионы
сайт компания,mixed,1,9,сайт для компания необходимость,Все регионы
сайт футбольной,mixed,1,9,сайт для футбольной школы что содержит,Все регионы
станки производства,mixed,1,9,станки для производства мебели сайты,Все регионы
текст компании,informational,1,9,текст о компании для сайта пример,Все регионы
текст школе,mixed,1,9,текст о школе для сайта,Все регионы
темп оборудование,mixed,1,9,темп оборудование для автосервиса официальный сайт,Все регионы
фото сотрудников,mixed,1,9,фото сотрудников для сайта компании,Все регионы
частные школы,mixed,1,9,частные школы для детей сайт,Все регионы
эми официальный,mixed,1,9,эми официальный сайт интернет магазин для ногтей,Все регионы
дмитровские подъемники,mixed,1,8,дмитровские подъемники для автосервиса официальный сайт,Все регионы
доставка оплата,mixed,1,8,доставка и оплата текст для сайта,Все регионы
здоровье электросталь,mixed,1,8,здоровье электросталь сайт для записи к врачам,Все регионы
калькулятор услуг,mixed,1,8,калькулятор услуг для сайта,Все регионы
карусель сайт,mixed,1,8,карусель сайт для детских садов,Все регионы
кафе своих,mixed,1,8,кафе для своих тула официальный сайт,Все регионы
лучший конструктор,mixed,1,8,лучший конструктор сайта для школы,Все регионы
отель вас,mixed,1,8,отель для вас пенза официальный сайт,Все регионы
политика конфиденциальности,mixed,1,8,политика конфиденциальности для сайта интернет магазина,Все регионы
промокод сайта,mixed,1,8,промокод для сайта спроси врача,Все регионы
сайт вызова,mixed,1,8,сайт для вызова врача,Все регионы
сайт психологов,mixed,1,8,сайт для психологов детских садов,Все регионы
сайт лайн,mixed,1,8,сайт лайн программа для производства,Все регионы
сайты ветеринарных,mixed,1,8,сайты для ветеринарных врачей,Все регионы
списки запрещенных,mixed,1,8,списки запрещенных сайтов для школ,Все регионы
услуги копирайтера,commercial,1,8,услуги копирайтера для сайта,Все регионы
школа королевы,mixed,1,8,школа королевы геры для дошкольников официальный сайт,Все регионы
эквинет оборудование,mixed,1,8,эквинет оборудование для автосервиса официальный сайт,Все регионы
istom программа,mixed,1,8,istom программа для стоматологии официальный сайт,Все регионы
seo сайта,mixed,1,8,seo для сайта услуг b2b,Все регионы
заказы самозанятых,mixed,1,7,заказы для самозанятых юристов сайт,Все регионы
имкосметик интернет,mixed,1,7,имкосметик интернет магазин для ногтей официальный сайт,Все регионы
лучшие медицинские,mixed,1,7,лучшие медицинские сайты для врачей,Все регионы
магазин клен,mixed,1,7,магазин клен оборудование для ресторанов официальный сайт,Все регионы
озон интернет,mixed,1,7,озон интернет магазин официальный сайт для компьютера,Все регионы
онлайн касса,mixed,1,7,онлайн касса для сайта интернет магазина,Все регионы
описание детского,mixed,1,7,описание детского сада для сайта образец,Все регионы
пользовательское соглашение,mixed,1,7,пользовательское соглашение для сайта фарм компаний,Все регионы
профрешение оборудование,mixed,1,7,профрешение оборудование для салонов красоты официальный сайт,Все регионы
ресторация мебель,mixed,1,7,ресторация мебель для ресторанов официальный сайт,Все регионы
сайт автозапчастей,commercial,1,7,сайт автозапчастей для иномарок недорого с доставкой,Все регионы
сайт запчастей,geo,1,7,сайт запчастей для автомобилей спб быстрая доставка,Все регионы
сайты выставления,mixed,1,7,сайты для выставления услуг,Все регионы
вступительный текст,mixed,1,6,вступительный текст детского сада для сайта,Все регионы
информация юристе,mixed,1,6,информация о юристе для сайта образец,Все регионы
карусель мебель,mixed,1,6,карусель мебель для детских садов официальный сайт,Все регионы
копилка доу,mixed,1,6,копилка доу сайт для воспитателей детских садов,Все регионы
медицинские сайты,mixed,1,6,медицинские сайты для врачей и пациентов,Все регионы
политика возврата,mixed,1,6,политика возврата для сайта интернет магазина одежды,Все регионы
сайт мэри,mixed,1,6,сайт мэри плойки оборудование для детского сада,Все регионы
стоматология вас,mixed,1,6,стоматология для вас набережные челны официальный сайт,Все регионы
стриж сайт,mixed,1,6,стриж сайт для юристов,Все регионы
open evidence,mixed,1,6,open evidence для врачей сайт,Все регионы
бобры сайты,mixed,1,5,бобры сайты для строительных компаний,Все регионы
верхние лихоборы,mixed,1,5,верхние лихоборы мебель для детского сада сайт,Все регионы
кафе вас,mixed,1,5,кафе для вас ижевск официальный сайт,Все регионы
компания красноярск,mixed,1,5,компания кв красноярск сайт комплектующие для окон,Все регионы
ленави мебель,mixed,1,5,ленави мебель для детских садов официальный сайт,Все регионы
окт макулы,mixed,1,5,окт макулы сайт для врача,Все регионы
педпортал сайт,mixed,1,5,педпортал сайт для воспитателей детских садов,Все регионы
регистрация сайте,mixed,1,5,регистрация на сайте спроси врача для врачей,Все регионы
сайт апрель,mixed,1,5,сайт апрель для воспитателей детских садов,Все регионы
сайт битрикс,mixed,1,5,сайт битрикс используют ли компании для x5клуб,Все регионы
сайт мобильное,mixed,1,5,сайт и мобильное приложение для доставки пиццы,Все регионы
сайт мелодинка,mixed,1,5,сайт мелодинка для муз руководителей детского сада,Все регионы
сайт уличным,mixed,1,5,сайт с уличным оборудованием для детского сада,Все регионы
стоимость создания,commercial,1,5,стоимость создания сайта для фитнес клуба,Все регионы
стоматология всей,mixed,1,5,стоматология для всей семьи туапсе официальный сайт,Все регионы
mam сайт,mixed,1,5,mam ru сайт для воспитателей детских садов,Все регионы
